,8,11,12,13,14,15,19,20,21,22,23,24,25,27,28,47,48,49,50,51,52,53,54,55,56,57,58,59,60,61,62,63,64,65,66,67,68,70,98,99,102,103,126,127,128,129,130,132,133,480,481,482,483,511,512,513,514,515,516,517,518,519,521,522,523,524,525,526,527,528,529,592,593,594,595,832,856,857,859,860,862,863,877,878,879,880,881,882,883,884,885,886,887,888,889,890,892,893,894,895,896,897,900,901,902,903,906,907,908,909,910,911,913,914,915,916,917,918,919,920,921,922,923,924,925,926,927,928,929,930,931,932,933,934,935,936,937,938,939,940,941,942,946
8,0,2,3,4,5,7,8,9,1,11,12,13,14,17,18,1,20,19,18,17,16,16,17,18,24,22,21,20,19,19,20,21,22,23,24,25,5,3,10,15,23,4,16,19,18,17,19,15,21,2,9,10,2,9,8,7,6,5,4,3,3,3,3,4,5,6,7,11,12,13,8,14,11,12,13,16,15,14,14,15,16,17,5,6,7,8,9,10,11,12,13,14,15,16,17,18,15,15,16,17,18,5,2,3,4,5,14,13,12,11,10,9,3,3,4,5,2,3,4,5,6,7,9,10,7,11,12,6,5,4,3,2,15,13,14,16,17,18,2,8,26,27,8
11,2,0,1,2,3,5,6,7,1,9,10,11,12,15,16,3,22,21,20,19,18,18,19,20,22,20,19,18,17,17,18,19,20,21,22,23,4,2,8,13,21,3,18,17,19,19,18,17,23,4,11,12,4,11,10,9,8,7,6,5,5,5,5,6,7,8,9,13,14,15,10,12,9,10,11,14,13,12,12,13,14,15,4,4,5,6,7,8,9,10,11,12,13,14,15,16,13,13,14,15,16,4,4,5,6,7,16,15,14,13,12,11,2,2,3,4,1,2,3,4,5,6,8,9,9,10,11,8,7,6,5,4,14,12,13,15,16,17,1,10,24,25,7
12,3,1,0,1,2,4,5,6,2,8,9,10,11,14,15,4,23,22,21,20,19,19,20,21,21,19,18,17,16,16,17,18,19,20,21,22,5,3,7,12,20,4,19,16,18,19,17,18,24,5,12,13,5,12,11,10,9,8,7,6,6,6,6,7,8,9,10,14,15,16,11,11,8,9,10,13,12,11,11,12,13,14,4,3,4,5,6,7,8,9,10,11,12,13,14,15,12,12,13,14,15,5,5,6,7,8,17,16,15,14,13,12,3,3,4,5,2,3,4,5,6,7,9,10,10,11,12,9,8,7,6,5,15,13,14,16,17,18,2,11,23,24,8
13,4,2,1,0,1,3,4,5,3,7,8,9,10,13,14,5,24,23,22,21,20,20,21,22,20,18,17,16,15,15,16,17,18,19,20,21,5,4,6,11,19,4,19,15,17,18,16,19,25,6,13,14,6,13,12,11,10,9,8,7,7,7,7,8,9,10,11,15,16,17,12,10,7,8,9,12,11,10,10,11,12,13,3,2,3,4,5,6,7,8,9,10,11,12,13,14,11,11,12,13,14,4,6,7,8,9,18,17,16,15,14,13,4,4,5,6,3,4,5,6,7,8,10,11,11,12,13,10,9,8,7,6,16,14,15,17,18,19,3,12,22,23,9
14,5,3,2,1,0,2,3,4,4,6,7,8,9,12,13,6,23,22,21,20,19,19,20,21,19,17,16,15,14,14,15,16,17,18,19,20,4,4,5,10,18,3,18,14,16,17,15,19,24,7,14,15,7,14,13,12,11,10,9,8,8,8,8,9,10,11,12,16,17,18,13,9,6,7,8,11,10,9,9,10,11,12,2,1,2,3,4,5,6,7,8,9,10,11,12,13,10,10,11,12,13,3,7,8,9,10,19,18,17,16,15,14,5,5,6,7,4,5,6,7,8,9,11,12,12,13,14,11,10,9,8,7,17,15,16,18,19,20,4,13,21,22,10
15,7,5,4,3,2,0,1,2,6,4,5,6,7,10,11,8,21,20,19,18,17,17,18,19,17,15,14,13,12,12,13,14,15,16,17,18,4,4,3,8,16,3,16,12,14,15,13,17,22,9,16,17,9,16,15,14,13,12,11,10,10,10,10,11,12,13,14,18,19,20,15,7,4,5,6,9,8,7,7,8,9,10,2,1,2,3,4,5,6,7,8,9,10,11,12,13,8,8,9,10,11,3,9,10,11,12,18,19,19,18,17,16,5,5,6,7,6,7,8,9,10,11,13,14,14,15,16,13,12,11,10,9,19,17,18,20,21,22,5,15,19,20,12
19,8,6,5,4,3,1,0,1,7,3,4,5,6,9,10,9,20,19,18,17,16,16,17,18,16,14,13,12,11,11,12,13,14,15,16,17,5,5,2,7,15,4,15,11,13,14,12,16,21,10,17,18,10,17,16,15,14,13,12,11,11,11,11,12,13,14,15,19,20,21,16,6,3,4,5,8,7,6,6,7,8,9,3,2,3,4,5,6,7,8,9,10,11,12,13,14,7,7,8,9,10,4,10,11,12,13,17,18,19,19,18,17,6,6,7,8,7,8,9,10,11,12,14,15,15,16,17,14,13,12,11,10,20,18,19,21,22,23,6,16,18,19,13
20,9,7,6,5,4,2,1,0,8,2,3,4,5,8,9,10,19,18,17,16,15,15,16,17,15,13,12,11,10,10,11,12,13,14,15,16,6,6,1,6,14,5,14,10,12,13,11,15,20,11,18,19,11,18,17,16,15,14,13,12,12,12,12,13,14,15,16,20,21,22,17,5,2,3,4,7,6,5,5,6,7,8,4,3,4,5,6,7,8,9,10,11,12,13,14,15,6,6,7,8,9,5,11,12,13,14,16,17,18,19,19,18,7,7,8,9,8,9,10,11,12,13,15,16,16,17,18,15,14,13,12,11,21,19,20,22,23,24,7,17,17,18,14
21,1,1,2,3,4,6,7,8,0,10,11,12,13,16,17,2,21,20,19,18,17,17,18,19,23,21,20,19,18,18,19,20,21,22,23,24,4,2,9,14,22,3,17,18,19,18,19,16,22,3,10,11,3,10,9,8,7,6,5,4,4,4,4,5,6,7,8,12,13,14,9,13,10,11,12,15,14,13,13,14,15,16,4,5,6,7,8,9,10,11,12,13,14,15,16,17,14,14,15,16,17,4,3,4,5,6,15,14,13,12,11,10,2,2,3,4,1,2,3,4,5,6,8,9,8,10,11,7,6,5,4,3,14,12,13,15,16,17,1,9,25,26,7
22,11,9,8,7,6,4,3,2,10,0,1,2,3,6,7,12,17,16,15,14,13,13,14,15,13,11,10,9,8,8,9,10,11,12,13,14,8,8,1,4,12,7,12,8,10,11,9,13,18,13,20,21,13,20,19,18,17,16,15,14,14,14,14,15,16,17,18,22,23,24,19,5,2,3,4,5,4,3,3,4,5,6,6,5,6,7,8,9,10,11,12,13,14,15,16,17,4,4,5,6,7,7,13,14,15,16,14,15,16,17,18,19,9,9,10,11,10,11,12,13,14,15,17,18,18,19,20,17,16,15,14,13,23,21,22,24,25,26,9,19,15,16,16
23,12,10,9,8,7,5,4,3,11,1,0,1,2,5,6,13,16,15,14,13,12,12,13,14,12,10,9,8,7,7,8,9,10,11,12,13,9,9,2,3,11,8,11,7,9,10,8,12,17,14,21,22,14,21,20,19,18,17,16,15,15,15,15,16,17,18,19,23,24,25,20,6,3,4,5,4,3,2,2,3,4,5,7,6,7,8,9,10,11,12,13,14,15,16,17,18,3,3,4,5,6,8,14,15,16,17,13,14,15,16,17,18,10,10,11,12,11,12,13,14,15,16,18,19,19,20,21,18,17,16,15,14,24,22,23,25,26,27,10,19,14,15,17
24,13,11,10,9,8,6,5,4,12,2,1,0,1,4,5,14,15,14,13,12,11,11,12,13,11,9,8,7,6,6,7,8,9,10,11,12,10,10,3,2,10,9,10,6,8,9,7,11,16,15,22,23,15,22,21,20,19,18,17,16,16,16,16,17,18,19,20,24,25,26,21,7,4,5,6,3,2,1,1,2,3,4,8,7,8,9,10,11,12,13,14,15,16,17,18,19,2,2,3,4,5,9,15,16,17,18,12,13,14,15,16,17,11,11,12,13,12,13,14,15,16,17,19,20,19,21,22,19,18,17,16,15,25,23,24,26,27,28,11,18,13,14,18
25,14,12,11,10,9,7,6,5,13,3,2,1,0,3,4,15,14,13,12,11,10,10,11,12,10,8,7,6,5,5,6,7,8,9,10,11,11,11,4,1,9,10,9,5,7,8,6,10,15,16,23,24,16,23,22,21,20,19,18,17,17,17,17,18,19,20,21,25,26,27,22,8,5,6,7,2,3,2,2,3,4,5,9,8,9,10,11,12,13,14,15,16,17,18,19,20,1,1,2,3,4,10,16,17,18,19,11,12,13,14,15,16,12,12,13,14,13,14,15,16,17,18,20,21,18,22,23,19,19,18,17,16,26,24,25,27,28,29,12,17,12,13,19
27,17,15,14,13,12,10,9,8,16,6,5,4,3,0,1,18,11,10,9,8,7,7,8,9,7,5,4,3,2,2,3,4,5,6,7,8,14,14,7,2,6,13,6,2,4,5,3,7,12,19,26,27,19,26,25,24,23,22,21,20,20,20,20,21,22,23,24,28,29,30,25,11,8,9,10,1,6,5,5,6,7,8,12,11,12,13,14,15,16,17,18,19,20,21,22,23,3,3,4,5,6,13,19,20,21,22,8,9,10,11,12,13,15,15,16,17,16,17,18,19,20,21,23,24,15,25,26,16,17,18,19,19,29,27,28,30,31,32,15,14,9,10,22
28,18,16,15,14,13,11,10,9,17,7,6,5,4,1,0,19,10,9,8,7,6,6,7,8,6,4,3,2,1,1,2,3,4,5,6,7,15,15,8,3,5,14,5,1,3,4,2,6,11,20,27,28,20,27,26,25,24,23,22,21,21,21,21,22,23,24,25,29,30,31,26,12,9,10,11,2,7,6,6,7,8,9,13,12,13,14,15,16,17,18,19,20,21,22,23,24,4,4,5,6,7,14,20,21,22,23,7,8,9,10,11,12,16,16,17,18,17,18,19,20,21,22,24,25,14,26,27,15,16,17,18,19,30,28,29,31,32,33,16,13,8,9,23
47,1,3,4,5,6,8,9,10,2,12,13,14,15,18,19,0,19,18,17,16,15,15,16,17,25,23,22,21,20,20,21,22,23,24,25,26,6,4,11,16,24,5,15,19,17,16,18,14,20,1,8,9,1,8,7,6,5,4,3,2,2,2,2,3,4,5,6,10,11,12,7,15,12,13,14,17,16,15,15,16,17,18,6,7,8,9,10,11,12,13,14,15,16,17,18,19,16,16,17,18,19,6,1,2,3,4,13,12,11,10,9,8,4,4,5,6,3,4,5,6,7,8,10,11,6,12,13,5,4,3,2,1,16,14,15,17,18,19,3,7,27,28,9
48,20,22,23,24,23,21,20,19,21,17,16,15,14,11,10,19,0,1,2,3,4,5,6,7,15,13,12,11,10,10,11,12,13,14,15,16,25,23,18,13,14,24,5,9,7,6,8,5,1,19,26,27,19,26,25,24,23,22,21,20,20,20,20,21,22,23,24,28,29,30,25,22,19,20,21,12,17,16,16,17,18,19,23,22,23,24,25,26,27,28,29,30,31,32,33,34,14,14,15,16,17,24,19,20,21,22,6,7,8,9,10,11,23,23,24,25,22,23,24,25,26,27,29,30,13,31,32,14,15,16,17,18,35,33,34,36,37,38,22,12,17,18,28
49,19,21,22,23,22,20,19,18,20,16,15,14,13,10,9,18,1,0,1,2,3,4,5,6,14,12,11,10,9,9,10,11,12,13,14,15,24,22,17,12,13,23,4,8,6,5,7,4,2,18,25,26,18,25,24,23,22,21,20,19,19,19,19,20,21,22,23,27,28,29,24,21,18,19,20,11,16,15,15,16,17,18,22,21,22,23,24,25,26,27,28,29,30,31,32,33,13,13,14,15,16,23,18,19,20,21,5,6,7,8,9,10,22,22,23,24,21,22,23,24,25,26,28,29,12,30,31,13,14,15,16,17,34,32,33,35,36,37,21,11,16,17,27
50,18,20,21,22,21,19,18,17,19,15,14,13,12,9,8,17,2,1,0,1,2,3,4,5,13,11,10,9,8,8,9,10,11,12,13,14,23,21,16,11,12,22,3,7,5,4,6,3,3,17,24,25,17,24,23,22,21,20,19,18,18,18,18,19,20,21,22,26,27,28,23,20,17,18,19,10,15,14,14,15,16,17,21,20,21,22,23,24,25,26,27,28,29,30,31,32,12,12,13,14,15,22,17,18,19,20,4,5,6,7,8,9,21,21,22,23,20,21,22,23,24,25,27,28,11,29,30,12,13,14,15,16,33,31,32,34,35,36,20,10,15,16,26
51,17,19,20,21,20,18,17,16,18,14,13,12,11,8,7,16,3,2,1,0,1,2,3,4,12,10,9,8,7,7,8,9,10,11,12,13,22,20,15,10,11,21,2,6,4,3,5,2,4,16,23,24,16,23,22,21,20,19,18,17,17,17,17,18,19,20,21,25,26,27,22,19,16,17,18,9,14,13,13,14,15,16,20,19,20,21,22,23,24,25,26,27,28,29,30,31,11,11,12,13,14,21,16,17,18,19,3,4,5,6,7,8,20,20,21,22,19,20,21,22,23,24,26,27,10,28,29,11,12,13,14,15,32,30,31,33,34,35,19,9,14,15,25
52,16,18,19,20,19,17,16,15,17,13,12,11,10,7,6,15,4,3,2,1,0,1,2,3,11,9,8,7,6,6,7,8,9,10,11,12,21,19,14,9,10,20,1,5,3,2,4,1,5,15,22,23,15,22,21,20,19,18,17,16,16,16,16,17,18,19,20,24,25,26,21,18,15,16,17,8,13,12,12,13,14,15,19,18,19,20,21,22,23,24,25,26,27,28,29,30,10,10,11,12,13,20,15,16,17,18,2,3,4,5,6,7,19,19,20,21,18,19,20,21,22,23,25,26,9,27,28,10,11,12,13,14,31,29,30,32,33,34,18,8,13,14,24
53,16,18,19,20,19,17,16,15,17,13,12,11,10,7,6,15,5,4,3,2,1,0,1,2,11,9,8,7,6,6,7,8,9,10,11,12,21,19,14,9,10,20,1,5,3,2,4,1,6,15,22,23,15,22,21,20,19,18,17,16,16,16,16,17,18,19,20,24,25,26,21,18,15,16,17,8,13,12,12,13,14,15,19,18,19,20,21,22,23,24,25,26,27,28,29,30,10,10,11,12,13,20,15,16,17,18,2,3,4,5,6,7,19,19,20,21,18,19,20,21,22,23,25,26,9,27,28,10,11,12,13,14,31,29,30,32,33,34,18,8,13,14,24
54,17,19,20,21,20,18,17,16,18,14,13,12,11,8,7,16,6,5,4,3,2,1,0,1,12,10,9,8,7,7,8,9,10,11,12,13,22,20,15,10,11,21,2,6,4,3,5,2,7,16,23,24,16,23,22,21,20,19,18,17,17,17,17,18,19,20,21,25,26,27,22,19,16,17,18,9,14,13,13,14,15,16,20,19,20,21,22,23,24,25,26,27,28,29,30,31,11,11,12,13,14,21,16,17,18,19,3,4,5,6,7,8,20,20,21,22,19,20,21,22,23,24,26,27,10,28,29,11,12,13,14,15,32,30,31,33,34,35,19,9,14,15,25
55,18,20,21,22,21,19,18,17,19,15,14,13,12,9,8,17,7,6,5,4,3,2,1,0,13,11,10,9,8,8,9,10,11,12,13,14,23,21,16,11,12,22,3,7,5,4,6,3,8,17,24,25,17,24,23,22,21,20,19,18,18,18,18,19,20,21,22,26,27,28,23,20,17,18,19,10,15,14,14,15,16,17,21,20,21,22,23,24,25,26,27,28,29,30,31,32,12,12,13,14,15,22,17,18,19,20,4,5,6,7,8,9,21,21,22,23,20,21,22,23,24,25,27,28,11,29,30,12,13,14,15,16,33,31,32,34,35,36,20,10,15,16,26
56,24,22,21,20,19,17,16,15,23,13,12,11,10,7,6,25,15,14,13,12,11,11,12,13,0,2,3,4,5,6,7,8,9,10,11,12,21,21,14,9,1,20,10,6,8,9,7,11,16,25,32,33,25,32,31,30,29,28,27,26,26,26,26,27,28,29,30,34,35,36,31,18,15,16,17,8,13,12,12,13,14,15,19,18,19,20,21,22,23,24,25,26,27,28,29,30,10,10,11,12,13,20,25,26,27,28,12,13,14,15,16,17,22,22,23,24,23,24,25,26,27,28,30,31,19,32,33,20,21,22,23,24,36,34,35,37,38,39,22,18,13,14,29
57,22,20,19,18,17,15,14,13,21,11,10,9,8,5,4,23,13,12,11,10,9,9,10,11,2,0,1,2,3,4,5,6,7,8,9,10,19,19,12,7,1,18,8,4,6,7,5,9,14,23,30,31,23,30,29,28,27,26,25,24,24,24,24,25,26,27,28,32,33,34,29,16,13,14,15,6,11,10,10,11,12,13,17,16,17,18,19,20,21,22,23,24,25,26,27,28,8,8,9,10,11,18,23,24,25,26,10,11,12,13,14,15,20,20,21,22,21,22,23,24,25,26,28,29,17,30,31,18,19,20,21,22,34,32,33,35,36,37,20,16,11,12,27
58,21,19,18,17,16,14,13,12,20,10,9,8,7,4,3,22,12,11,10,9,8,8,9,10,3,1,0,1,2,3,4,5,6,7,8,9,18,18,11,6,2,17,7,3,5,6,4,8,13,22,29,30,22,29,28,27,26,25,24,23,23,23,23,24,25,26,27,31,32,33,28,15,12,13,14,5,10,9,9,10,11,12,16,15,16,17,18,19,20,21,22,23,24,25,26,27,7,7,8,9,10,17,22,23,24,25,9,10,11,12,13,14,19,19,20,21,20,21,22,23,24,25,27,28,16,29,30,17,18,19,20,21,33,31,32,34,35,36,19,15,10,11,26
59,20,18,17,16,15,13,12,11,19,9,8,7,6,3,2,21,11,10,9,8,7,7,8,9,4,2,1,0,1,2,3,4,5,6,7,8,17,17,10,5,3,16,6,2,4,5,3,7,12,21,28,29,21,28,27,26,25,24,23,22,22,22,22,23,24,25,26,30,31,32,27,14,11,12,13,4,9,8,8,9,10,11,15,14,15,16,17,18,19,20,21,22,23,24,25,26,6,6,7,8,9,16,21,22,23,24,8,9,10,11,12,13,18,18,19,20,19,20,21,22,23,24,26,27,15,28,29,16,17,18,19,20,32,30,31,33,34,35,18,14,9,10,25
60,19,17,16,15,14,12,11,10,18,8,7,6,5,2,1,20,10,9,8,7,6,6,7,8,5,3,2,1,0,1,2,3,4,5,6,7,16,16,9,4,4,15,5,1,3,4,2,6,11,20,27,28,20,27,26,25,24,23,22,21,21,21,21,22,23,24,25,29,30,31,26,13,10,11,12,3,8,7,7,8,9,10,14,13,14,15,16,17,18,19,20,21,22,23,24,25,5,5,6,7,8,15,20,21,22,23,7,8,9,10,11,12,17,17,18,19,18,19,20,21,22,23,25,26,14,27,28,15,16,17,18,19,31,29,30,32,33,34,17,13,8,9,24
61,19,17,16,15,14,12,11,10,18,8,7,6,5,2,1,20,10,9,8,7,6,6,7,8,6,4,3,2,1,0,1,2,3,4,5,6,16,16,9,4,5,15,5,1,3,4,2,6,11,20,27,28,20,27,26,25,24,23,22,21,21,21,21,22,23,24,25,29,30,31,26,13,10,11,12,3,8,7,7,8,9,10,14,13,14,15,16,17,18,19,20,21,22,23,24,25,5,5,6,7,8,15,20,21,22,23,7,8,9,10,11,12,17,17,18,19,18,19,20,21,22,23,25,26,14,27,28,15,16,17,18,19,31,29,30,32,33,34,17,13,7,8,24
62,20,18,17,16,15,13,12,11,19,9,8,7,6,3,2,21,11,10,9,8,7,7,8,9,7,5,4,3,2,1,0,1,2,3,4,5,17,17,10,5,6,16,6,2,4,5,3,7,12,21,28,29,21,28,27,26,25,24,23,22,22,22,22,23,24,25,26,30,31,32,27,14,11,12,13,4,9,8,8,9,10,11,15,14,15,16,17,18,19,20,21,22,23,24,25,26,6,6,7,8,9,16,21,22,23,24,8,9,10,11,12,13,18,18,19,20,19,20,21,22,23,24,26,27,15,28,29,16,17,18,19,20,32,30,31,33,34,35,18,14,6,7,25
63,21,19,18,17,16,14,13,12,20,10,9,8,7,4,3,22,12,11,10,9,8,8,9,10,8,6,5,4,3,2,1,0,1,2,3,4,18,18,11,6,7,17,7,3,5,6,4,8,13,22,29,30,22,29,28,27,26,25,24,23,23,23,23,24,25,26,27,31,32,33,28,15,12,13,14,5,10,9,9,10,11,12,16,15,16,17,18,19,20,21,22,23,24,25,26,27,7,7,8,9,10,17,22,23,24,25,9,10,11,12,13,14,19,19,20,21,20,21,22,23,24,25,27,28,16,29,30,17,18,19,20,21,33,31,32,34,35,36,19,15,5,6,26
64,22,20,19,18,17,15,14,13,21,11,10,9,8,5,4,23,13,12,11,10,9,9,10,11,9,7,6,5,4,3,2,1,0,1,2,3,19,19,12,7,8,18,8,4,6,7,5,9,14,23,30,31,23,30,29,28,27,26,25,24,24,24,24,25,26,27,28,32,33,34,29,16,13,14,15,6,11,10,10,11,12,13,17,16,17,18,19,20,21,22,23,24,25,26,27,28,8,8,9,10,11,18,23,24,25,26,10,11,12,13,14,15,20,20,21,22,21,22,23,24,25,26,28,29,17,30,31,18,19,20,21,22,34,32,33,35,36,37,20,16,4,5,27
65,23,21,20,19,18,16,15,14,22,12,11,10,9,6,5,24,14,13,12,11,10,10,11,12,10,8,7,6,5,4,3,2,1,0,1,2,20,20,13,8,9,19,9,5,7,8,6,10,15,24,31,32,24,31,30,29,28,27,26,25,25,25,25,26,27,28,29,33,34,35,30,17,14,15,16,7,12,11,11,12,13,14,18,17,18,19,20,21,22,23,24,25,26,27,28,29,9,9,10,11,12,19,24,25,26,27,11,12,13,14,15,16,21,21,22,23,22,23,24,25,26,27,29,30,18,31,32,19,20,21,22,23,35,33,34,36,37,38,21,17,3,4,28
66,24,22,21,20,19,17,16,15,23,13,12,11,10,7,6,25,15,14,13,12,11,11,12,13,11,9,8,7,6,5,4,3,2,1,0,1,21,21,14,9,10,20,10,6,8,9,7,11,16,25,32,33,25,32,31,30,29,28,27,26,26,26,26,27,28,29,30,34,35,36,31,18,15,16,17,8,13,12,12,13,14,15,19,18,19,20,21,22,23,24,25,26,27,28,29,30,10,10,11,12,13,20,25,26,27,28,12,13,14,15,16,17,22,22,23,24,23,24,25,26,27,28,30,31,19,32,33,20,21,22,23,24,36,34,35,37,38,39,22,18,2,3,29
67,25,23,22,21,20,18,17,16,24,14,13,12,11,8,7,26,16,15,14,13,12,12,13,14,12,10,9,8,7,6,5,4,3,2,1,0,22,22,15,10,11,21,11,7,9,10,8,12,17,26,33,34,26,33,32,31,30,29,28,27,27,27,27,28,29,30,31,35,36,37,32,19,16,17,18,9,14,13,13,14,15,16,20,19,20,21,22,23,24,25,26,27,28,29,30,31,11,11,12,13,14,21,26,27,28,29,13,14,15,16,17,18,23,23,24,25,24,25,26,27,28,29,31,32,20,33,34,21,22,23,24,25,37,35,36,38,39,40,23,19,1,2,30
68,5,4,5,5,4,4,5,6,4,8,9,10,11,14,15,6,25,24,23,22,21,21,22,23,21,19,18,17,16,16,17,18,19,20,21,22,0,2,7,12,20,1,20,16,18,19,17,20,26,7,14,15,7,14,13,12,11,10,9,8,8,8,8,9,10,11,12,16,17,18,13,11,8,9,10,13,12,11,11,12,13,14,2,3,4,5,6,7,8,9,10,11,12,13,14,15,12,12,13,14,15,2,7,8,9,10,19,18,17,16,15,14,3,3,4,5,4,5,6,7,8,9,11,12,12,13,14,11,10,9,8,7,17,15,16,18,19,20,3,13,23,24,10
70,3,2,3,4,4,4,5,6,2,8,9,10,11,14,15,4,23,22,21,20,19,19,20,21,21,19,18,17,16,16,17,18,19,20,21,22,2,0,7,12,20,1,19,16,18,19,17,18,24,5,12,13,5,12,11,10,9,8,7,6,6,6,6,7,8,9,10,14,15,16,11,11,8,9,10,13,12,11,11,12,13,14,2,3,4,5,6,7,8,9,10,11,12,13,14,15,12,12,13,14,15,2,5,6,7,8,17,16,15,14,13,12,1,1,2,3,2,3,4,5,6,7,9,10,10,11,12,9,8,7,6,5,15,13,14,16,17,18,1,11,23,24,8
98,10,8,7,6,5,3,2,1,9,1,2,3,4,7,8,11,18,17,16,15,14,14,15,16,14,12,11,10,9,9,10,11,12,13,14,15,7,7,0,5,13,6,13,9,11,12,10,14,19,12,19,20,12,19,18,17,16,15,14,13,13,13,13,14,15,16,17,21,22,23,18,4,1,2,3,6,5,4,4,5,6,7,5,4,5,6,7,8,9,10,11,12,13,14,15,16,5,5,6,7,8,6,12,13,14,15,15,16,17,18,19,19,8,8,9,10,9,10,11,12,13,14,16,17,17,18,19,16,15,14,13,12,22,20,21,23,24,25,8,18,16,17,15
99,15,13,12,11,10,8,7,6,14,4,3,2,1,2,3,16,13,12,11,10,9,9,10,11,9,7,6,5,4,4,5,6,7,8,9,10,12,12,5,0,8,11,8,4,6,7,5,9,14,17,24,25,17,24,23,22,21,20,19,18,18,18,18,19,20,21,22,26,27,28,23,9,6,7,8,1,4,3,3,4,5,6,10,9,10,11,12,13,14,15,16,17,18,19,20,21,1,1,2,3,4,11,17,18,19,20,10,11,12,13,14,15,13,13,14,15,14,15,16,17,18,19,21,22,17,23,24,18,19,19,18,17,27,25,26,28,29,30,13,16,11,12,20
102,23,21,20,19,18,16,15,14,22,12,11,10,9,6,5,24,14,13,12,11,10,10,11,12,1,1,2,3,4,5,6,7,8,9,10,11,20,20,13,8,0,19,9,5,7,8,6,10,15,24,31,32,24,31,30,29,28,27,26,25,25,25,25,26,27,28,29,33,34,35,30,17,14,15,16,7,12,11,11,12,13,14,18,17,18,19,20,21,22,23,24,25,26,27,28,29,9,9,10,11,12,19,24,25,26,27,11,12,13,14,15,16,21,21,22,23,22,23,24,25,26,27,29,30,18,31,32,19,20,21,22,23,35,33,34,36,37,38,21,17,12,13,28
103,4,3,4,4,3,3,4,5,3,7,8,9,10,13,14,5,24,23,22,21,20,20,21,22,20,18,17,16,15,15,16,17,18,19,20,21,1,1,6,11,19,0,19,15,17,18,16,19,25,6,13,14,6,13,12,11,10,9,8,7,7,7,7,8,9,10,11,15,16,17,12,10,7,8,9,12,11,10,10,11,12,13,1,2,3,4,5,6,7,8,9,10,11,12,13,14,11,11,12,13,14,1,6,7,8,9,18,17,16,15,14,13,2,2,3,4,3,4,5,6,7,8,10,11,11,12,13,10,9,8,7,6,16,14,15,17,18,19,2,12,22,23,9
126,16,18,19,19,18,16,15,14,17,12,11,10,9,6,5,15,5,4,3,2,1,1,2,3,10,8,7,6,5,5,6,7,8,9,10,11,20,19,13,8,9,19,0,4,2,1,3,1,6,15,22,23,15,22,21,20,19,18,17,16,16,16,16,17,18,19,20,24,25,26,21,17,14,15,16,7,12,11,11,12,13,14,18,17,18,19,20,21,22,23,24,25,26,27,28,29,9,9,10,11,12,19,15,16,17,18,2,3,4,5,6,7,19,19,20,21,18,19,20,21,22,23,25,26,9,27,28,10,11,12,13,14,31,29,30,32,33,34,18,8,12,13,24
127,19,17,16,15,14,12,11,10,18,8,7,6,5,2,1,19,9,8,7,6,5,5,6,7,6,4,3,2,1,1,2,3,4,5,6,7,16,16,9,4,5,15,4,0,2,3,1,5,10,19,26,27,19,26,25,24,23,22,21,20,20,20,20,21,22,23,24,28,29,30,25,13,10,11,12,3,8,7,7,8,9,10,14,13,14,15,16,17,18,19,20,21,22,23,24,25,5,5,6,7,8,15,19,20,21,22,6,7,8,9,10,11,17,17,18,19,18,19,20,21,22,23,25,26,13,27,28,14,15,16,17,18,31,29,30,32,33,34,17,12,8,9,24
128,18,19,18,17,16,14,13,12,19,10,9,8,7,4,3,17,7,6,5,4,3,3,4,5,8,6,5,4,3,3,4,5,6,7,8,9,18,18,11,6,7,17,2,2,0,1,1,3,8,17,24,25,17,24,23,22,21,20,19,18,18,18,18,19,20,21,22,26,27,28,23,15,12,13,14,5,10,9,9,10,11,12,16,15,16,17,18,19,20,21,22,23,24,25,26,27,7,7,8,9,10,17,17,18,19,20,4,5,6,7,8,9,19,19,20,21,20,21,22,23,24,25,27,28,11,29,30,12,13,14,15,16,33,31,32,34,35,36,19,10,10,11,26
129,17,19,19,18,17,15,14,13,18,11,10,9,8,5,4,16,6,5,4,3,2,2,3,4,9,7,6,5,4,4,5,6,7,8,9,10,19,19,12,7,8,18,1,3,1,0,2,2,7,16,23,24,16,23,22,21,20,19,18,17,17,17,17,18,19,20,21,25,26,27,22,16,13,14,15,6,11,10,10,11,12,13,17,16,17,18,19,20,21,22,23,24,25,26,27,28,8,8,9,10,11,18,16,17,18,19,3,4,5,6,7,8,20,20,21,22,19,20,21,22,23,24,26,27,10,28,29,11,12,13,14,15,32,30,31,33,34,35,19,9,11,12,25
130,19,18,17,16,15,13,12,11,19,9,8,7,6,3,2,18,8,7,6,5,4,4,5,6,7,5,4,3,2,2,3,4,5,6,7,8,17,17,10,5,6,16,3,1,1,2,0,4,9,18,25,26,18,25,24,23,22,21,20,19,19,19,19,20,21,22,23,27,28,29,24,14,11,12,13,4,9,8,8,9,10,11,15,14,15,16,17,18,19,20,21,22,23,24,25,26,6,6,7,8,9,16,18,19,20,21,5,6,7,8,9,10,18,18,19,20,19,20,21,22,23,24,26,27,12,28,29,13,14,15,16,17,32,30,31,33,34,35,18,11,9,10,25
132,15,17,18,19,19,17,16,15,16,13,12,11,10,7,6,14,5,4,3,2,1,1,2,3,11,9,8,7,6,6,7,8,9,10,11,12,20,18,14,9,10,19,1,5,3,2,4,0,6,14,21,22,14,21,20,19,18,17,16,15,15,15,15,16,17,18,19,23,24,25,20,18,15,16,17,8,13,12,12,13,14,15,19,18,19,20,21,22,23,24,25,26,27,28,29,30,10,10,11,12,13,20,14,15,16,17,1,2,3,4,5,6,18,18,19,20,17,18,19,20,21,22,24,25,8,26,27,9,10,11,12,13,30,28,29,31,32,33,17,7,13,14,23
133,21,23,24,25,24,22,21,20,22,18,17,16,15,12,11,20,1,2,3,4,5,6,7,8,16,14,13,12,11,11,12,13,14,15,16,17,26,24,19,14,15,25,6,10,8,7,9,6,0,20,27,28,20,27,26,25,24,23,22,21,21,21,21,22,23,24,25,29,30,31,26,23,20,21,22,13,18,17,17,18,19,20,24,23,24,25,26,27,28,29,30,31,32,33,34,35,15,15,16,17,18,25,20,21,22,23,7,8,9,10,11,12,24,24,25,26,23,24,25,26,27,28,30,31,14,32,33,15,16,17,18,19,36,34,35,37,38,39,23,13,18,19,29
480,2,4,5,6,7,9,10,11,3,13,14,15,16,19,20,1,19,18,17,16,15,15,16,17,25,23,22,21,20,20,21,22,23,24,25,26,7,5,12,17,24,6,15,19,17,16,18,14,20,0,8,9,1,7,6,5,4,3,2,1,2,2,2,3,4,5,6,10,11,12,7,16,13,14,15,18,17,16,16,17,18,19,7,8,9,10,11,12,13,14,15,16,17,18,19,20,17,17,18,19,20,7,1,2,3,4,13,12,11,10,9,8,5,5,6,7,4,5,6,7,8,9,11,12,6,13,14,5,4,3,2,1,17,15,16,18,19,20,4,7,27,28,10
481,9,11,12,13,14,16,17,18,10,20,21,22,23,26,27,8,26,25,24,23,22,22,23,24,32,30,29,28,27,27,28,29,30,31,32,33,14,12,19,24,31,13,22,26,24,23,25,21,27,8,0,1,8,15,14,13,12,11,10,9,8,7,6,5,4,3,2,2,3,4,1,23,20,21,22,25,24,23,23,24,25,26,14,15,16,17,18,19,20,21,22,23,24,25,26,27,24,24,25,26,27,14,7,7,8,9,20,19,18,17,16,15,12,12,13,14,11,12,13,14,15,16,18,19,13,20,21,12,11,10,9,8,24,22,23,25,26,27,11,14,34,35,17
482,10,12,13,14,15,17,18,19,11,21,22,23,24,27,28,9,27,26,25,24,23,23,24,25,33,31,30,29,28,28,29,30,31,32,33,34,15,13,20,25,32,14,23,27,25,24,26,22,28,9,1,0,9,16,15,14,13,12,11,10,9,8,7,6,5,4,3,1,2,3,2,24,21,22,23,26,25,24,24,25,26,27,15,16,17,18,19,20,21,22,23,24,25,26,27,28,25,25,26,27,28,15,8,8,9,10,21,20,19,18,17,16,13,13,14,15,12,13,14,15,16,17,19,20,14,21,22,13,12,11,10,9,25,23,24,26,27,28,12,15,35,36,18
483,2,4,5,6,7,9,10,11,3,13,14,15,16,19,20,1,19,18,17,16,15,15,16,17,25,23,22,21,20,20,21,22,23,24,25,26,7,5,12,17,24,6,15,19,17,16,18,14,20,1,8,9,0,8,7,6,5,4,3,2,1,2,2,3,4,5,6,10,11,12,7,16,13,14,15,18,17,16,16,17,18,19,7,8,9,10,11,12,13,14,15,16,17,18,19,20,17,17,18,19,20,7,1,2,3,4,13,12,11,10,9,8,5,5,6,7,4,5,6,7,8,9,11,12,6,13,14,5,4,3,2,1,17,15,16,18,19,20,4,7,27,28,10
511,9,11,12,13,14,16,17,18,10,20,21,22,23,26,27,8,26,25,24,23,22,22,23,24,32,30,29,28,27,27,28,29,30,31,32,33,14,12,19,24,31,13,22,26,24,23,25,21,27,7,15,16,8,0,1,2,3,4,5,6,9,9,9,10,11,12,13,17,18,19,14,23,20,21,22,25,24,23,23,24,25,26,14,15,16,17,18,19,20,21,22,23,24,25,26,27,24,24,25,26,27,14,8,9,10,11,20,19,18,17,16,15,12,12,13,14,11,12,13,14,15,16,18,19,13,20,21,12,11,10,9,8,24,22,23,25,26,27,11,14,34,35,17
512,8,10,11,12,13,15,16,17,9,19,20,21,22,25,26,7,25,24,23,22,21,21,22,23,31,29,28,27,26,26,27,28,29,30,31,32,13,11,18,23,30,12,21,25,23,22,24,20,26,6,14,15,7,1,0,1,2,3,4,5,8,8,8,9,10,11,12,16,17,18,13,22,19,20,21,24,23,22,22,23,24,25,13,14,15,16,17,18,19,20,21,22,23,24,25,26,23,23,24,25,26,13,7,8,9,10,19,18,17,16,15,14,11,11,12,13,10,11,12,13,14,15,17,18,12,19,20,11,10,9,8,7,23,21,22,24,25,26,10,13,33,34,16
513,7,9,10,11,12,14,15,16,8,18,19,20,21,24,25,6,24,23,22,21,20,20,21,22,30,28,27,26,25,25,26,27,28,29,30,31,12,10,17,22,29,11,20,24,22,21,23,19,25,5,13,14,6,2,1,0,1,2,3,4,7,7,7,8,9,10,11,15,16,17,12,21,18,19,20,23,22,21,21,22,23,24,12,13,14,15,16,17,18,19,20,21,22,23,24,25,22,22,23,24,25,12,6,7,8,9,18,17,16,15,14,13,10,10,11,12,9,10,11,12,13,14,16,17,11,18,19,10,9,8,7,6,22,20,21,23,24,25,9,12,32,33,15
514,6,8,9,10,11,13,14,15,7,17,18,19,20,23,24,5,23,22,21,20,19,19,20,21,29,27,26,25,24,24,25,26,27,28,29,30,11,9,16,21,28,10,19,23,21,20,22,18,24,4,12,13,5,3,2,1,0,1,2,3,6,6,6,7,8,9,10,14,15,16,11,20,17,18,19,22,21,20,20,21,22,23,11,12,13,14,15,16,17,18,19,20,21,22,23,24,21,21,22,23,24,11,5,6,7,8,17,16,15,14,13,12,9,9,10,11,8,9,10,11,12,13,15,16,10,17,18,9,8,7,6,5,21,19,20,22,23,24,8,11,31,32,14
515,5,7,8,9,10,12,13,14,6,16,17,18,19,22,23,4,22,21,20,19,18,18,19,20,28,26,25,24,23,23,24,25,26,27,28,29,10,8,15,20,27,9,18,22,20,19,21,17,23,3,11,12,4,4,3,2,1,0,1,2,5,5,5,6,7,8,9,13,14,15,10,19,16,17,18,21,20,19,19,20,21,22,10,11,12,13,14,15,16,17,18,19,20,21,22,23,20,20,21,22,23,10,4,5,6,7,16,15,14,13,12,11,8,8,9,10,7,8,9,10,11,12,14,15,9,16,17,8,7,6,5,4,20,18,19,21,22,23,7,10,30,31,13
516,4,6,7,8,9,11,12,13,5,15,16,17,18,21,22,3,21,20,19,18,17,17,18,19,27,25,24,23,22,22,23,24,25,26,27,28,9,7,14,19,26,8,17,21,19,18,20,16,22,2,10,11,3,5,4,3,2,1,0,1,4,4,4,5,6,7,8,12,13,14,9,18,15,16,17,20,19,18,18,19,20,21,9,10,11,12,13,14,15,16,17,18,19,20,21,22,19,19,20,21,22,9,3,4,5,6,15,14,13,12,11,10,7,7,8,9,6,7,8,9,10,11,13,14,8,15,16,7,6,5,4,3,19,17,18,20,21,22,6,9,29,30,12
517,3,5,6,7,8,10,11,12,4,14,15,16,17,20,21,2,20,19,18,17,16,16,17,18,26,24,23,22,21,21,22,23,24,25,26,27,8,6,13,18,25,7,16,20,18,17,19,15,21,1,9,10,2,6,5,4,3,2,1,0,3,3,3,4,5,6,7,11,12,13,8,17,14,15,16,19,18,17,17,18,19,20,8,9,10,11,12,13,14,15,16,17,18,19,20,21,18,18,19,20,21,8,2,3,4,5,14,13,12,11,10,9,6,6,7,8,5,6,7,8,9,10,12,13,7,14,15,6,5,4,3,2,18,16,17,19,20,21,5,8,28,29,11
518,3,5,6,7,8,10,11,12,4,14,15,16,17,20,21,2,20,19,18,17,16,16,17,18,26,24,23,22,21,21,22,23,24,25,26,27,8,6,13,18,25,7,16,20,18,17,19,15,21,2,8,9,1,9,8,7,6,5,4,3,0,1,2,3,4,5,6,10,11,12,7,17,14,15,16,19,18,17,17,18,19,20,8,9,10,11,12,13,14,15,16,17,18,19,20,21,18,18,19,20,21,8,2,2,3,4,14,13,12,11,10,9,6,6,7,8,5,6,7,8,9,10,12,13,7,14,15,6,5,4,3,2,18,16,17,19,20,21,5,8,28,29,11
519,3,5,6,7,8,10,11,12,4,14,15,16,17,20,21,2,20,19,18,17,16,16,17,18,26,24,23,22,21,21,22,23,24,25,26,27,8,6,13,18,25,7,16,20,18,17,19,15,21,2,7,8,2,9,8,7,6,5,4,3,1,0,1,2,3,4,5,9,10,11,6,17,14,15,16,19,18,17,17,18,19,20,8,9,10,11,12,13,14,15,16,17,18,19,20,21,18,18,19,20,21,8,1,1,2,3,14,13,12,11,10,9,6,6,7,8,5,6,7,8,9,10,12,13,7,14,15,6,5,4,3,2,18,16,17,19,20,21,5,8,28,29,11
521,3,5,6,7,8,10,11,12,4,14,15,16,17,20,21,2,20,19,18,17,16,16,17,18,26,24,23,22,21,21,22,23,24,25,26,27,8,6,13,18,25,7,16,20,18,17,19,15,21,2,6,7,2,9,8,7,6,5,4,3,2,1,0,1,2,3,4,8,9,10,5,17,14,15,16,19,18,17,17,18,19,20,8,9,10,11,12,13,14,15,16,17,18,19,20,21,18,18,19,20,21,8,1,1,2,3,14,13,12,11,10,9,6,6,7,8,5,6,7,8,9,10,12,13,7,14,15,6,5,4,3,2,18,16,17,19,20,21,5,8,28,29,11
522,4,6,7,8,9,11,12,13,5,15,16,17,18,21,22,3,21,20,19,18,17,17,18,19,27,25,24,23,22,22,23,24,25,26,27,28,9,7,14,19,26,8,17,21,19,18,20,16,22,3,5,6,3,10,9,8,7,6,5,4,3,2,1,0,1,2,3,7,8,9,4,18,15,16,17,20,19,18,18,19,20,21,9,10,11,12,13,14,15,16,17,18,19,20,21,22,19,19,20,21,22,9,2,2,3,4,15,14,13,12,11,10,7,7,8,9,6,7,8,9,10,11,13,14,8,15,16,7,6,5,4,3,19,17,18,20,21,22,6,9,29,30,12
523,5,7,8,9,10,12,13,14,6,16,17,18,19,22,23,4,22,21,20,19,18,18,19,20,28,26,25,24,23,23,24,25,26,27,28,29,10,8,15,20,27,9,18,22,20,19,21,17,23,4,4,5,4,11,10,9,8,7,6,5,4,3,2,1,0,1,2,6,7,8,3,19,16,17,18,21,20,19,19,20,21,22,10,11,12,13,14,15,16,17,18,19,20,21,22,23,20,20,21,22,23,10,3,3,4,5,16,15,14,13,12,11,8,8,9,10,7,8,9,10,11,12,14,15,9,16,17,8,7,6,5,4,20,18,19,21,22,23,7,10,30,31,13
524,6,8,9,10,11,13,14,15,7,17,18,19,20,23,24,5,23,22,21,20,19,19,20,21,29,27,26,25,24,24,25,26,27,28,29,30,11,9,16,21,28,10,19,23,21,20,22,18,24,5,3,4,5,12,11,10,9,8,7,6,5,4,3,2,1,0,1,5,6,7,2,20,17,18,19,22,21,20,20,21,22,23,11,12,13,14,15,16,17,18,19,20,21,22,23,24,21,21,22,23,24,11,4,4,5,6,17,16,15,14,13,12,9,9,10,11,8,9,10,11,12,13,15,16,10,17,18,9,8,7,6,5,21,19,20,22,23,24,8,11,31,32,14
525,7,9,10,11,12,14,15,16,8,18,19,20,21,24,25,6,24,23,22,21,20,20,21,22,30,28,27,26,25,25,26,27,28,29,30,31,12,10,17,22,29,11,20,24,22,21,23,19,25,6,2,3,6,13,12,11,10,9,8,7,6,5,4,3,2,1,0,4,5,6,1,21,18,19,20,23,22,21,21,22,23,24,12,13,14,15,16,17,18,19,20,21,22,23,24,25,22,22,23,24,25,12,5,5,6,7,18,17,16,15,14,13,10,10,11,12,9,10,11,12,13,14,16,17,11,18,19,10,9,8,7,6,22,20,21,23,24,25,9,12,32,33,15
526,11,13,14,15,16,18,19,20,12,22,23,24,25,28,29,10,28,27,26,25,24,24,25,26,34,32,31,30,29,29,30,31,32,33,34,35,16,14,21,26,33,15,24,28,26,25,27,23,29,10,2,1,10,17,16,15,14,13,12,11,10,9,8,7,6,5,4,0,1,2,3,25,22,23,24,27,26,25,25,26,27,28,16,17,18,19,20,21,22,23,24,25,26,27,28,29,26,26,27,28,29,16,9,9,10,11,22,21,20,19,18,17,14,14,15,16,13,14,15,16,17,18,20,21,15,22,23,14,13,12,11,10,26,24,25,27,28,29,13,16,36,37,19
527,12,14,15,16,17,19,20,21,13,23,24,25,26,29,30,11,29,28,27,26,25,25,26,27,35,33,32,31,30,30,31,32,33,34,35,36,17,15,22,27,34,16,25,29,27,26,28,24,30,11,3,2,11,18,17,16,15,14,13,12,11,10,9,8,7,6,5,1,0,1,4,26,23,24,25,28,27,26,26,27,28,29,17,18,19,20,21,22,23,24,25,26,27,28,29,30,27,27,28,29,30,17,10,10,11,12,23,22,21,20,19,18,15,15,16,17,14,15,16,17,18,19,21,22,16,23,24,15,14,13,12,11,27,25,26,28,29,30,14,17,37,38,20
528,13,15,16,17,18,20,21,22,14,24,25,26,27,30,31,12,30,29,28,27,26,26,27,28,36,34,33,32,31,31,32,33,34,35,36,37,18,16,23,28,35,17,26,30,28,27,29,25,31,12,4,3,12,19,18,17,16,15,14,13,12,11,10,9,8,7,6,2,1,0,5,27,24,25,26,29,28,27,27,28,29,30,18,19,20,21,22,23,24,25,26,27,28,29,30,31,28,28,29,30,31,18,11,11,12,13,24,23,22,21,20,19,16,16,17,18,15,16,17,18,19,20,22,23,17,24,25,16,15,14,13,12,28,26,27,29,30,31,15,18,38,39,21
529,8,10,11,12,13,15,16,17,9,19,20,21,22,25,26,7,25,24,23,22,21,21,22,23,31,29,28,27,26,26,27,28,29,30,31,32,13,11,18,23,30,12,21,25,23,22,24,20,26,7,1,2,7,14,13,12,11,10,9,8,7,6,5,4,3,2,1,3,4,5,0,22,19,20,21,24,23,22,22,23,24,25,13,14,15,16,17,18,19,20,21,22,23,24,25,26,23,23,24,25,26,13,6,6,7,8,19,18,17,16,15,14,11,11,12,13,10,11,12,13,14,15,17,18,12,19,20,11,10,9,8,7,23,21,22,24,25,26,10,13,33,34,16
592,14,12,11,10,9,7,6,5,13,5,6,7,8,11,12,15,22,21,20,19,18,18,19,20,18,16,15,14,13,13,14,15,16,17,18,19,11,11,4,9,17,10,17,13,15,16,14,18,23,16,23,24,16,23,22,21,20,19,18,17,17,17,17,18,19,20,21,25,26,27,22,0,3,2,1,10,9,8,8,9,10,11,9,8,9,10,11,12,13,14,15,16,17,18,19,20,9,9,10,11,12,10,16,17,18,19,19,20,21,22,23,23,12,12,13,14,13,14,15,16,17,18,20,21,21,22,23,20,19,18,17,16,26,24,25,27,28,29,12,22,20,21,19
593,11,9,8,7,6,4,3,2,10,2,3,4,5,8,9,12,19,18,17,16,15,15,16,17,15,13,12,11,10,10,11,12,13,14,15,16,8,8,1,6,14,7,14,10,12,13,11,15,20,13,20,21,13,20,19,18,17,16,15,14,14,14,14,15,16,17,18,22,23,24,19,3,0,1,2,7,6,5,5,6,7,8,6,5,6,7,8,9,10,11,12,13,14,15,16,17,6,6,7,8,9,7,13,14,15,16,16,17,18,19,20,20,9,9,10,11,10,11,12,13,14,15,17,18,18,19,20,17,16,15,14,13,23,21,22,24,25,26,9,19,17,18,16
594,12,10,9,8,7,5,4,3,11,3,4,5,6,9,10,13,20,19,18,17,16,16,17,18,16,14,13,12,11,11,12,13,14,15,16,17,9,9,2,7,15,8,15,11,13,14,12,16,21,14,21,22,14,21,20,19,18,17,16,15,15,15,15,16,17,18,19,23,24,25,20,2,1,0,1,8,7,6,6,7,8,9,7,6,7,8,9,10,11,12,13,14,15,16,17,18,7,7,8,9,10,8,14,15,16,17,17,18,19,20,21,21,10,10,11,12,11,12,13,14,15,16,18,19,19,20,21,18,17,16,15,14,24,22,23,25,26,27,10,20,18,19,17
595,13,11,10,9,8,6,5,4,12,4,5,6,7,10,11,14,21,20,19,18,17,17,18,19,17,15,14,13,12,12,13,14,15,16,17,18,10,10,3,8,16,9,16,12,14,15,13,17,22,15,22,23,15,22,21,20,19,18,17,16,16,16,16,17,18,19,20,24,25,26,21,1,2,1,0,9,8,7,7,8,9,10,8,7,8,9,10,11,12,13,14,15,16,17,18,19,8,8,9,10,11,9,15,16,17,18,18,19,20,21,22,22,11,11,12,13,12,13,14,15,16,17,19,20,20,21,22,19,18,17,16,15,25,23,24,26,27,28,11,21,19,20,18
832,16,14,13,12,11,9,8,7,15,5,4,3,2,1,2,17,12,11,10,9,8,8,9,10,8,6,5,4,3,3,4,5,6,7,8,9,13,13,6,1,7,12,7,3,5,6,4,8,13,18,25,26,18,25,24,23,22,21,20,19,19,19,19,20,21,22,23,27,28,29,24,10,7,8,9,0,5,4,4,5,6,7,11,10,11,12,13,14,15,16,17,18,19,20,21,22,2,2,3,4,5,12,18,19,20,21,9,10,11,12,13,14,14,14,15,16,15,16,17,18,19,20,22,23,16,24,25,17,18,19,19,18,28,26,27,29,30,31,14,15,10,11,21
856,15,13,12,11,10,8,7,6,14,4,3,2,3,6,7,16,17,16,15,14,13,13,14,15,13,11,10,9,8,8,9,10,11,12,13,14,12,12,5,4,12,11,12,8,10,11,9,13,18,17,24,25,17,24,23,22,21,20,19,18,18,18,18,19,20,21,22,26,27,28,23,9,6,7,8,5,0,1,3,4,5,6,10,9,10,11,12,13,14,15,16,17,18,19,20,21,4,4,5,6,7,11,17,18,19,20,14,15,16,17,18,19,13,13,14,15,14,15,16,17,18,19,21,22,21,23,24,21,20,19,18,17,27,25,26,28,29,30,13,20,15,16,20
857,14,12,11,10,9,7,6,5,13,3,2,1,2,5,6,15,16,15,14,13,12,12,13,14,12,10,9,8,7,7,8,9,10,11,12,13,11,11,4,3,11,10,11,7,9,10,8,12,17,16,23,24,16,23,22,21,20,19,18,17,17,17,17,18,19,20,21,25,26,27,22,8,5,6,7,4,1,0,2,3,4,5,9,8,9,10,11,12,13,14,15,16,17,18,19,20,3,3,4,5,6,10,16,17,18,19,13,14,15,16,17,18,12,12,13,14,13,14,15,16,17,18,20,21,20,22,23,20,19,18,17,16,26,24,25,27,28,29,12,19,14,15,19
859,14,12,11,10,9,7,6,5,13,3,2,1,2,5,6,15,16,15,14,13,12,12,13,14,12,10,9,8,7,7,8,9,10,11,12,13,11,11,4,3,11,10,11,7,9,10,8,12,17,16,23,24,16,23,22,21,20,19,18,17,17,17,17,18,19,20,21,25,26,27,22,8,5,6,7,4,3,2,0,1,2,3,9,8,9,10,11,12,13,14,15,16,17,18,19,20,3,3,4,5,6,10,16,17,18,19,13,14,15,16,17,18,12,12,13,14,13,14,15,16,17,18,20,21,20,22,23,20,19,18,17,16,26,24,25,27,28,29,12,19,14,15,19
860,15,13,12,11,10,8,7,6,14,4,3,2,3,6,7,16,17,16,15,14,13,13,14,15,13,11,10,9,8,8,9,10,11,12,13,14,12,12,5,4,12,11,12,8,10,11,9,13,18,17,24,25,17,24,23,22,21,20,19,18,18,18,18,19,20,21,22,26,27,28,23,9,6,7,8,5,4,3,1,0,1,2,10,9,10,11,12,13,14,15,16,17,18,19,20,21,4,4,5,6,7,11,17,18,19,20,14,15,16,17,18,19,13,13,14,15,14,15,16,17,18,19,21,22,21,23,24,21,20,19,18,17,27,25,26,28,29,30,13,20,15,16,20
862,16,14,13,12,11,9,8,7,15,5,4,3,4,7,8,17,18,17,16,15,14,14,15,16,14,12,11,10,9,9,10,11,12,13,14,15,13,13,6,5,13,12,13,9,11,12,10,14,19,18,25,26,18,25,24,23,22,21,20,19,19,19,19,20,21,22,23,27,28,29,24,10,7,8,9,6,5,4,2,1,0,1,11,10,11,12,13,14,15,16,17,18,19,20,21,22,5,5,6,7,8,12,18,19,20,21,15,16,17,18,19,20,14,14,15,16,15,16,17,18,19,20,22,23,22,24,25,22,21,20,19,18,28,26,27,29,30,31,14,21,16,17,21
863,17,15,14,13,12,10,9,8,16,6,5,4,5,8,9,18,19,18,17,16,15,15,16,17,15,13,12,11,10,10,11,12,13,14,15,16,14,14,7,6,14,13,14,10,12,13,11,15,20,19,26,27,19,26,25,24,23,22,21,20,20,20,20,21,22,23,24,28,29,30,25,11,8,9,10,7,6,5,3,2,1,0,12,11,12,13,14,15,16,17,18,19,20,21,22,23,6,6,7,8,9,13,19,20,21,22,16,17,18,19,20,21,15,15,16,17,16,17,18,19,20,21,23,24,23,25,26,23,22,21,20,19,29,27,28,30,31,32,15,22,17,18,22
877,5,4,4,3,2,2,3,4,4,6,7,8,9,12,13,6,23,22,21,20,19,19,20,21,19,17,16,15,14,14,15,16,17,18,19,20,2,2,5,10,18,1,18,14,16,17,15,19,24,7,14,15,7,14,13,12,11,10,9,8,8,8,8,9,10,11,12,16,17,18,13,9,6,7,8,11,10,9,9,10,11,12,0,1,2,3,4,5,6,7,8,9,10,11,12,13,10,10,11,12,13,1,7,8,9,10,19,18,17,16,15,14,3,3,4,5,4,5,6,7,8,9,11,12,12,13,14,11,10,9,8,7,17,15,16,18,19,20,3,13,21,22,10
878,6,4,3,2,1,1,2,3,5,5,6,7,8,11,12,7,22,21,20,19,18,18,19,20,18,16,15,14,13,13,14,15,16,17,18,19,3,3,4,9,17,2,17,13,15,16,14,18,23,8,15,16,8,15,14,13,12,11,10,9,9,9,9,10,11,12,13,17,18,19,14,8,5,6,7,10,9,8,8,9,10,11,1,0,1,2,3,4,5,6,7,8,9,10,11,12,9,9,10,11,12,2,8,9,10,11,19,19,18,17,16,15,4,4,5,6,5,6,7,8,9,10,12,13,13,14,15,12,11,10,9,8,18,16,17,19,20,21,4,14,20,21,11
879,7,5,4,3,2,2,3,4,6,6,7,8,9,12,13,8,23,22,21,20,19,19,20,21,19,17,16,15,14,14,15,16,17,18,19,20,4,4,5,10,18,3,18,14,16,17,15,19,24,9,16,17,9,16,15,14,13,12,11,10,10,10,10,11,12,13,14,18,19,20,15,9,6,7,8,11,10,9,9,10,11,12,2,1,0,1,2,3,4,5,6,7,8,9,10,11,10,10,11,12,13,3,9,10,11,12,20,20,19,18,17,16,5,5,6,7,6,7,8,9,10,11,13,14,14,15,16,13,12,11,10,9,19,17,18,20,21,22,5,15,21,22,12
880,8,6,5,4,3,3,4,5,7,7,8,9,10,13,14,9,24,23,22,21,20,20,21,22,20,18,17,16,15,15,16,17,18,19,20,21,5,5,6,11,19,4,19,15,17,18,16,20,25,10,17,18,10,17,16,15,14,13,12,11,11,11,11,12,13,14,15,19,20,21,16,10,7,8,9,12,11,10,10,11,12,13,3,2,1,0,1,2,3,4,5,6,7,8,9,10,11,11,12,13,14,4,10,11,12,13,21,21,20,19,18,17,6,6,7,8,7,8,9,10,11,12,14,15,15,16,17,14,13,12,11,10,20,18,19,21,22,23,6,16,22,23,13
881,9,7,6,5,4,4,5,6,8,8,9,10,11,14,15,10,25,24,23,22,21,21,22,23,21,19,18,17,16,16,17,18,19,20,21,22,6,6,7,12,20,5,20,16,18,19,17,21,26,11,18,19,11,18,17,16,15,14,13,12,12,12,12,13,14,15,16,20,21,22,17,11,8,9,10,13,12,11,11,12,13,14,4,3,2,1,0,1,2,3,4,5,6,7,8,9,12,12,13,14,15,5,11,12,13,14,22,22,21,20,19,18,7,7,8,9,8,9,10,11,12,13,15,16,16,17,18,15,14,13,12,11,21,19,20,22,23,24,7,17,23,24,14
882,10,8,7,6,5,5,6,7,9,9,10,11,12,15,16,11,26,25,24,23,22,22,23,24,22,20,19,18,17,17,18,19,20,21,22,23,7,7,8,13,21,6,21,17,19,20,18,22,27,12,19,20,12,19,18,17,16,15,14,13,13,13,13,14,15,16,17,21,22,23,18,12,9,10,11,14,13,12,12,13,14,15,5,4,3,2,1,0,1,2,3,4,5,6,7,8,13,13,14,15,16,6,12,13,14,15,23,23,22,21,20,19,8,8,9,10,9,10,11,12,13,14,16,17,17,18,19,16,15,14,13,12,22,20,21,23,24,25,8,18,24,25,15
883,11,9,8,7,6,6,7,8,10,10,11,12,13,16,17,12,27,26,25,24,23,23,24,25,23,21,20,19,18,18,19,20,21,22,23,24,8,8,9,14,22,7,22,18,20,21,19,23,28,13,20,21,13,20,19,18,17,16,15,14,14,14,14,15,16,17,18,22,23,24,19,13,10,11,12,15,14,13,13,14,15,16,6,5,4,3,2,1,0,1,2,3,4,5,6,7,14,14,15,16,17,7,13,14,15,16,24,24,23,22,21,20,9,9,10,11,10,11,12,13,14,15,17,18,18,19,20,17,16,15,14,13,23,21,22,24,25,26,9,19,25,26,16
884,12,10,9,8,7,7,8,9,11,11,12,13,14,17,18,13,28,27,26,25,24,24,25,26,24,22,21,20,19,19,20,21,22,23,24,25,9,9,10,15,23,8,23,19,21,22,20,24,29,14,21,22,14,21,20,19,18,17,16,15,15,15,15,16,17,18,19,23,24,25,20,14,11,12,13,16,15,14,14,15,16,17,7,6,5,4,3,2,1,0,1,2,3,4,5,6,15,15,16,17,18,8,14,15,16,17,25,25,24,23,22,21,10,10,11,12,11,12,13,14,15,16,18,19,19,20,21,18,17,16,15,14,24,22,23,25,26,27,10,20,26,27,17
885,13,11,10,9,8,8,9,10,12,12,13,14,15,18,19,14,29,28,27,26,25,25,26,27,25,23,22,21,20,20,21,22,23,24,25,26,10,10,11,16,24,9,24,20,22,23,21,25,30,15,22,23,15,22,21,20,19,18,17,16,16,16,16,17,18,19,20,24,25,26,21,15,12,13,14,17,16,15,15,16,17,18,8,7,6,5,4,3,2,1,0,1,2,3,4,5,16,16,17,18,19,9,15,16,17,18,26,26,25,24,23,22,11,11,12,13,12,13,14,15,16,17,19,20,20,21,22,19,18,17,16,15,25,23,24,26,27,28,11,21,27,28,18
886,14,12,11,10,9,9,10,11,13,13,14,15,16,19,20,15,30,29,28,27,26,26,27,28,26,24,23,22,21,21,22,23,24,25,26,27,11,11,12,17,25,10,25,21,23,24,22,26,31,16,23,24,16,23,22,21,20,19,18,17,17,17,17,18,19,20,21,25,26,27,22,16,13,14,15,18,17,16,16,17,18,19,9,8,7,6,5,4,3,2,1,0,1,2,3,4,17,17,18,19,20,10,16,17,18,19,27,27,26,25,24,23,12,12,13,14,13,14,15,16,17,18,20,21,21,22,23,20,19,18,17,16,26,24,25,27,28,29,12,22,28,29,19
887,15,13,12,11,10,10,11,12,14,14,15,16,17,20,21,16,31,30,29,28,27,27,28,29,27,25,24,23,22,22,23,24,25,26,27,28,12,12,13,18,26,11,26,22,24,25,23,27,32,17,24,25,17,24,23,22,21,20,19,18,18,18,18,19,20,21,22,26,27,28,23,17,14,15,16,19,18,17,17,18,19,20,10,9,8,7,6,5,4,3,2,1,0,1,2,3,18,18,19,20,21,11,17,18,19,20,28,28,27,26,25,24,13,13,14,15,14,15,16,17,18,19,21,22,22,23,24,21,20,19,18,17,27,25,26,28,29,30,13,23,29,30,20
888,16,14,13,12,11,11,12,13,15,15,16,17,18,21,22,17,32,31,30,29,28,28,29,30,28,26,25,24,23,23,24,25,26,27,28,29,13,13,14,19,27,12,27,23,25,26,24,28,33,18,25,26,18,25,24,23,22,21,20,19,19,19,19,20,21,22,23,27,28,29,24,18,15,16,17,20,19,18,18,19,20,21,11,10,9,8,7,6,5,4,3,2,1,0,1,2,19,19,20,21,22,12,18,19,20,21,29,29,28,27,26,25,14,14,15,16,15,16,17,18,19,20,22,23,23,24,25,22,21,20,19,18,28,26,27,29,30,31,14,24,30,31,21
889,17,15,14,13,12,12,13,14,16,16,17,18,19,22,23,18,33,32,31,30,29,29,30,31,29,27,26,25,24,24,25,26,27,28,29,30,14,14,15,20,28,13,28,24,26,27,25,29,34,19,26,27,19,26,25,24,23,22,21,20,20,20,20,21,22,23,24,28,29,30,25,19,16,17,18,21,20,19,19,20,21,22,12,11,10,9,8,7,6,5,4,3,2,1,0,1,20,20,21,22,23,13,19,20,21,22,30,30,29,28,27,26,15,15,16,17,16,17,18,19,20,21,23,24,24,25,26,23,22,21,20,19,29,27,28,30,31,32,15,25,31,32,22
890,18,16,15,14,13,13,14,15,17,17,18,19,20,23,24,19,34,33,32,31,30,30,31,32,30,28,27,26,25,25,26,27,28,29,30,31,15,15,16,21,29,14,29,25,27,28,26,30,35,20,27,28,20,27,26,25,24,23,22,21,21,21,21,22,23,24,25,29,30,31,26,20,17,18,19,22,21,20,20,21,22,23,13,12,11,10,9,8,7,6,5,4,3,2,1,0,21,21,22,23,24,14,20,21,22,23,31,31,30,29,28,27,16,16,17,18,17,18,19,20,21,22,24,25,25,26,27,24,23,22,21,20,30,28,29,31,32,33,16,26,32,33,23
892,15,13,12,11,10,8,7,6,14,4,3,2,1,3,4,16,14,13,12,11,10,10,11,12,10,8,7,6,5,5,6,7,8,9,10,11,12,12,5,1,9,11,9,5,7,8,6,10,15,17,24,25,17,24,23,22,21,20,19,18,18,18,18,19,20,21,22,26,27,28,23,9,6,7,8,2,4,3,3,4,5,6,10,9,10,11,12,13,14,15,16,17,18,19,20,21,0,1,2,3,4,11,17,18,19,20,11,12,13,14,15,16,13,13,14,15,14,15,16,17,18,19,21,22,18,23,24,19,20,19,18,17,27,25,26,28,29,30,13,17,12,13,20
893,15,13,12,11,10,8,7,6,14,4,3,2,1,3,4,16,14,13,12,11,10,10,11,12,10,8,7,6,5,5,6,7,8,9,10,11,12,12,5,1,9,11,9,5,7,8,6,10,15,17,24,25,17,24,23,22,21,20,19,18,18,18,18,19,20,21,22,26,27,28,23,9,6,7,8,2,4,3,3,4,5,6,10,9,10,11,12,13,14,15,16,17,18,19,20,21,1,0,1,2,3,11,17,18,19,20,11,12,13,14,15,16,13,13,14,15,14,15,16,17,18,19,21,22,18,23,24,19,20,19,18,17,27,25,26,28,29,30,13,17,12,13,20
894,16,14,13,12,11,9,8,7,15,5,4,3,2,4,5,17,15,14,13,12,11,11,12,13,11,9,8,7,6,6,7,8,9,10,11,12,13,13,6,2,10,12,10,6,8,9,7,11,16,18,25,26,18,25,24,23,22,21,20,19,19,19,19,20,21,22,23,27,28,29,24,10,7,8,9,3,5,4,4,5,6,7,11,10,11,12,13,14,15,16,17,18,19,20,21,22,2,1,0,1,2,12,18,19,20,21,12,13,14,15,16,17,14,14,15,16,15,16,17,18,19,20,22,23,19,24,25,20,21,20,19,18,28,26,27,29,30,31,14,18,13,14,21
895,17,15,14,13,12,10,9,8,16,6,5,4,3,5,6,18,16,15,14,13,12,12,13,14,12,10,9,8,7,7,8,9,10,11,12,13,14,14,7,3,11,13,11,7,9,10,8,12,17,19,26,27,19,26,25,24,23,22,21,20,20,20,20,21,22,23,24,28,29,30,25,11,8,9,10,4,6,5,5,6,7,8,12,11,12,13,14,15,16,17,18,19,20,21,22,23,3,2,1,0,1,13,19,20,21,22,13,14,15,16,17,18,15,15,16,17,16,17,18,19,20,21,23,24,20,25,26,21,22,21,20,19,29,27,28,30,31,32,15,19,14,15,22
896,18,16,15,14,13,11,10,9,17,7,6,5,4,6,7,19,17,16,15,14,13,13,14,15,13,11,10,9,8,8,9,10,11,12,13,14,15,15,8,4,12,14,12,8,10,11,9,13,18,20,27,28,20,27,26,25,24,23,22,21,21,21,21,22,23,24,25,29,30,31,26,12,9,10,11,5,7,6,6,7,8,9,13,12,13,14,15,16,17,18,19,20,21,22,23,24,4,3,2,1,0,14,20,21,22,23,14,15,16,17,18,19,16,16,17,18,17,18,19,20,21,22,24,25,21,26,27,22,23,22,21,20,30,28,29,31,32,33,16,20,15,16,23
897,5,4,5,4,3,3,4,5,4,7,8,9,10,13,14,6,24,23,22,21,20,20,21,22,20,18,17,16,15,15,16,17,18,19,20,21,2,2,6,11,19,1,19,15,17,18,16,20,25,7,14,15,7,14,13,12,11,10,9,8,8,8,8,9,10,11,12,16,17,18,13,10,7,8,9,12,11,10,10,11,12,13,1,2,3,4,5,6,7,8,9,10,11,12,13,14,11,11,12,13,14,0,7,8,9,10,19,18,17,16,15,14,3,3,4,5,4,5,6,7,8,9,11,12,12,13,14,11,10,9,8,7,17,15,16,18,19,20,3,13,22,23,10
900,2,4,5,6,7,9,10,11,3,13,14,15,16,19,20,1,19,18,17,16,15,15,16,17,25,23,22,21,20,20,21,22,23,24,25,26,7,5,12,17,24,6,15,19,17,16,18,14,20,1,7,8,1,8,7,6,5,4,3,2,2,1,1,2,3,4,5,9,10,11,6,16,13,14,15,18,17,16,16,17,18,19,7,8,9,10,11,12,13,14,15,16,17,18,19,20,17,17,18,19,20,7,0,1,2,3,13,12,11,10,9,8,5,5,6,7,4,5,6,7,8,9,11,12,6,13,14,5,4,3,2,1,17,15,16,18,19,20,4,7,27,28,10
901,3,5,6,7,8,10,11,12,4,14,15,16,17,20,21,2,20,19,18,17,16,16,17,18,26,24,23,22,21,21,22,23,24,25,26,27,8,6,13,18,25,7,16,20,18,17,19,15,21,2,7,8,2,9,8,7,6,5,4,3,2,1,1,2,3,4,5,9,10,11,6,17,14,15,16,19,18,17,17,18,19,20,8,9,10,11,12,13,14,15,16,17,18,19,20,21,18,18,19,20,21,8,1,0,1,2,14,13,12,11,10,9,6,6,7,8,5,6,7,8,9,10,12,13,7,14,15,6,5,4,3,2,18,16,17,19,20,21,5,8,28,29,11
902,4,6,7,8,9,11,12,13,5,15,16,17,18,21,22,3,21,20,19,18,17,17,18,19,27,25,24,23,22,22,23,24,25,26,27,28,9,7,14,19,26,8,17,21,19,18,20,16,22,3,8,9,3,10,9,8,7,6,5,4,3,2,2,3,4,5,6,10,11,12,7,18,15,16,17,20,19,18,18,19,20,21,9,10,11,12,13,14,15,16,17,18,19,20,21,22,19,19,20,21,22,9,2,1,0,1,15,14,13,12,11,10,7,7,8,9,6,7,8,9,10,11,13,14,8,15,16,7,6,5,4,3,19,17,18,20,21,22,6,9,29,30,12
903,5,7,8,9,10,12,13,14,6,16,17,18,19,22,23,4,22,21,20,19,18,18,19,20,28,26,25,24,23,23,24,25,26,27,28,29,10,8,15,20,27,9,18,22,20,19,21,17,23,4,9,10,4,11,10,9,8,7,6,5,4,3,3,4,5,6,7,11,12,13,8,19,16,17,18,21,20,19,19,20,21,22,10,11,12,13,14,15,16,17,18,19,20,21,22,23,20,20,21,22,23,10,3,2,1,0,16,15,14,13,12,11,8,8,9,10,7,8,9,10,11,12,14,15,9,16,17,8,7,6,5,4,20,18,19,21,22,23,7,10,30,31,13
906,14,16,17,18,19,18,17,16,15,14,13,12,11,8,7,13,6,5,4,3,2,2,3,4,12,10,9,8,7,7,8,9,10,11,12,13,19,17,15,10,11,18,2,6,4,3,5,1,7,13,20,21,13,20,19,18,17,16,15,14,14,14,14,15,16,17,18,22,23,24,19,19,16,17,18,9,14,13,13,14,15,16,19,19,20,21,22,23,24,25,26,27,28,29,30,31,11,11,12,13,14,19,13,14,15,16,0,1,2,3,4,5,17,17,18,19,16,17,18,19,20,21,23,24,7,25,26,8,9,10,11,12,29,27,28,30,31,32,16,6,14,15,22
907,13,15,16,17,18,19,18,17,14,15,14,13,12,9,8,12,7,6,5,4,3,3,4,5,13,11,10,9,8,8,9,10,11,12,13,14,18,16,16,11,12,17,3,7,5,4,6,2,8,12,19,20,12,19,18,17,16,15,14,13,13,13,13,14,15,16,17,21,22,23,18,20,17,18,19,10,15,14,14,15,16,17,18,19,20,21,22,23,24,25,26,27,28,29,30,31,12,12,13,14,15,18,12,13,14,15,1,0,1,2,3,4,16,16,17,18,15,16,17,18,19,20,22,23,6,24,25,7,8,9,10,11,28,26,27,29,30,31,15,5,15,16,21
908,12,14,15,16,17,19,19,18,13,16,15,14,13,10,9,11,8,7,6,5,4,4,5,6,14,12,11,10,9,9,10,11,12,13,14,15,17,15,17,12,13,16,4,8,6,5,7,3,9,11,18,19,11,18,17,16,15,14,13,12,12,12,12,13,14,15,16,20,21,22,17,21,18,19,20,11,16,15,15,16,17,18,17,18,19,20,21,22,23,24,25,26,27,28,29,30,13,13,14,15,16,17,11,12,13,14,2,1,0,1,2,3,15,15,16,17,14,15,16,17,18,19,21,22,5,23,24,6,7,8,9,10,27,25,26,28,29,30,14,4,16,17,20
909,11,13,14,15,16,18,19,19,12,17,16,15,14,11,10,10,9,8,7,6,5,5,6,7,15,13,12,11,10,10,11,12,13,14,15,16,16,14,18,13,14,15,5,9,7,6,8,4,10,10,17,18,10,17,16,15,14,13,12,11,11,11,11,12,13,14,15,19,20,21,16,22,19,20,21,12,17,16,16,17,18,19,16,17,18,19,20,21,22,23,24,25,26,27,28,29,14,14,15,16,17,16,10,11,12,13,3,2,1,0,1,2,14,14,15,16,13,14,15,16,17,18,20,21,4,22,23,5,6,7,8,9,26,24,25,27,28,29,13,3,17,18,19
910,10,12,13,14,15,17,18,19,11,18,17,16,15,12,11,9,10,9,8,7,6,6,7,8,16,14,13,12,11,11,12,13,14,15,16,17,15,13,19,14,15,14,6,10,8,7,9,5,11,9,16,17,9,16,15,14,13,12,11,10,10,10,10,11,12,13,14,18,19,20,15,23,20,21,22,13,18,17,17,18,19,20,15,16,17,18,19,20,21,22,23,24,25,26,27,28,15,15,16,17,18,15,9,10,11,12,4,3,2,1,0,1,13,13,14,15,12,13,14,15,16,17,19,20,3,21,22,4,5,6,7,8,25,23,24,26,27,28,12,2,18,19,18
911,9,11,12,13,14,16,17,18,10,19,18,17,16,13,12,8,11,10,9,8,7,7,8,9,17,15,14,13,12,12,13,14,15,16,17,18,14,12,19,15,16,13,7,11,9,8,10,6,12,8,15,16,8,15,14,13,12,11,10,9,9,9,9,10,11,12,13,17,18,19,14,23,20,21,22,14,19,18,18,19,20,21,14,15,16,17,18,19,20,21,22,23,24,25,26,27,16,16,17,18,19,14,8,9,10,11,5,4,3,2,1,0,12,12,13,14,11,12,13,14,15,16,18,19,2,20,21,3,4,5,6,7,24,22,23,25,26,27,11,1,19,20,17
913,3,2,3,4,5,5,6,7,2,9,10,11,12,15,16,4,23,22,21,20,19,19,20,21,22,20,19,18,17,17,18,19,20,21,22,23,3,1,8,13,21,2,19,17,19,20,18,18,24,5,12,13,5,12,11,10,9,8,7,6,6,6,6,7,8,9,10,14,15,16,11,12,9,10,11,14,13,12,12,13,14,15,3,4,5,6,7,8,9,10,11,12,13,14,15,16,13,13,14,15,16,3,5,6,7,8,17,16,15,14,13,12,0,1,2,3,2,3,4,5,6,7,9,10,10,11,12,9,8,7,6,5,15,13,14,16,17,18,1,11,24,25,8
914,3,2,3,4,5,5,6,7,2,9,10,11,12,15,16,4,23,22,21,20,19,19,20,21,22,20,19,18,17,17,18,19,20,21,22,23,3,1,8,13,21,2,19,17,19,20,18,18,24,5,12,13,5,12,11,10,9,8,7,6,6,6,6,7,8,9,10,14,15,16,11,12,9,10,11,14,13,12,12,13,14,15,3,4,5,6,7,8,9,10,11,12,13,14,15,16,13,13,14,15,16,3,5,6,7,8,17,16,15,14,13,12,1,0,1,2,2,3,4,5,6,7,9,10,10,11,12,9,8,7,6,5,15,13,14,16,17,18,1,11,24,25,8
915,4,3,4,5,6,6,7,8,3,10,11,12,13,16,17,5,24,23,22,21,20,20,21,22,23,21,20,19,18,18,19,20,21,22,23,24,4,2,9,14,22,3,20,18,20,21,19,19,25,6,13,14,6,13,12,11,10,9,8,7,7,7,7,8,9,10,11,15,16,17,12,13,10,11,12,15,14,13,13,14,15,16,4,5,6,7,8,9,10,11,12,13,14,15,16,17,14,14,15,16,17,4,6,7,8,9,18,17,16,15,14,13,2,1,0,1,3,4,5,6,7,8,10,11,11,12,13,10,9,8,7,6,16,14,15,17,18,19,2,12,25,26,9
916,5,4,5,6,7,7,8,9,4,11,12,13,14,17,18,6,25,24,23,22,21,21,22,23,24,22,21,20,19,19,20,21,22,23,24,25,5,3,10,15,23,4,21,19,21,22,20,20,26,7,14,15,7,14,13,12,11,10,9,8,8,8,8,9,10,11,12,16,17,18,13,14,11,12,13,16,15,14,14,15,16,17,5,6,7,8,9,10,11,12,13,14,15,16,17,18,15,15,16,17,18,5,7,8,9,10,19,18,17,16,15,14,3,2,1,0,4,5,6,7,8,9,11,12,12,13,14,11,10,9,8,7,17,15,16,18,19,20,3,13,26,27,10
917,2,1,2,3,4,6,7,8,1,10,11,12,13,16,17,3,22,21,20,19,18,18,19,20,23,21,20,19,18,18,19,20,21,22,23,24,4,2,9,14,22,3,18,18,20,19,19,17,23,4,11,12,4,11,10,9,8,7,6,5,5,5,5,6,7,8,9,13,14,15,10,13,10,11,12,15,14,13,13,14,15,16,4,5,6,7,8,9,10,11,12,13,14,15,16,17,14,14,15,16,17,4,4,5,6,7,16,15,14,13,12,11,2,2,3,4,0,1,2,3,4,5,7,8,9,9,10,8,7,6,5,4,13,11,12,14,15,16,1,10,25,26,6
918,3,2,3,4,5,7,8,9,2,11,12,13,14,17,18,4,23,22,21,20,19,19,20,21,24,22,21,20,19,19,20,21,22,23,24,25,5,3,10,15,23,4,19,19,21,20,20,18,24,5,12,13,5,12,11,10,9,8,7,6,6,6,6,7,8,9,10,14,15,16,11,14,11,12,13,16,15,14,14,15,16,17,5,6,7,8,9,10,11,12,13,14,15,16,17,18,15,15,16,17,18,5,5,6,7,8,17,16,15,14,13,12,3,3,4,5,1,0,1,2,3,4,6,7,10,8,9,9,8,7,6,5,12,10,11,13,14,15,2,11,26,27,5
919,4,3,4,5,6,8,9,10,3,12,13,14,15,18,19,5,24,23,22,21,20,20,21,22,25,23,22,21,20,20,21,22,23,24,25,26,6,4,11,16,24,5,20,20,22,21,21,19,25,6,13,14,6,13,12,11,10,9,8,7,7,7,7,8,9,10,11,15,16,17,12,15,12,13,14,17,16,15,15,16,17,18,6,7,8,9,10,11,12,13,14,15,16,17,18,19,16,16,17,18,19,6,6,7,8,9,18,17,16,15,14,13,4,4,5,6,2,1,0,1,2,3,5,6,11,7,8,10,9,8,7,6,11,9,10,12,13,14,3,12,27,28,4
920,5,4,5,6,7,9,10,11,4,13,14,15,16,19,20,6,25,24,23,22,21,21,22,23,26,24,23,22,21,21,22,23,24,25,26,27,7,5,12,17,25,6,21,21,23,22,22,20,26,7,14,15,7,14,13,12,11,10,9,8,8,8,8,9,10,11,12,16,17,18,13,16,13,14,15,18,17,16,16,17,18,19,7,8,9,10,11,12,13,14,15,16,17,18,19,20,17,17,18,19,20,7,7,8,9,10,19,18,17,16,15,14,5,5,6,7,3,2,1,0,1,2,4,5,12,6,7,11,10,9,8,7,10,8,9,11,12,13,4,13,28,29,3
921,6,5,6,7,8,10,11,12,5,14,15,16,17,20,21,7,26,25,24,23,22,22,23,24,27,25,24,23,22,22,23,24,25,26,27,28,8,6,13,18,26,7,22,22,24,23,23,21,27,8,15,16,8,15,14,13,12,11,10,9,9,9,9,10,11,12,13,17,18,19,14,17,14,15,16,19,18,17,17,18,19,20,8,9,10,11,12,13,14,15,16,17,18,19,20,21,18,18,19,20,21,8,8,9,10,11,20,19,18,17,16,15,6,6,7,8,4,3,2,1,0,1,3,4,13,5,6,12,11,10,9,8,9,7,8,10,11,12,5,14,29,30,2
922,7,6,7,8,9,11,12,13,6,15,16,17,18,21,22,8,27,26,25,24,23,23,24,25,28,26,25,24,23,23,24,25,26,27,28,29,9,7,14,19,27,8,23,23,25,24,24,22,28,9,16,17,9,16,15,14,13,12,11,10,10,10,10,11,12,13,14,18,19,20,15,18,15,16,17,20,19,18,18,19,20,21,9,10,11,12,13,14,15,16,17,18,19,20,21,22,19,19,20,21,22,9,9,10,11,12,21,20,19,18,17,16,7,7,8,9,5,4,3,2,1,0,2,3,14,4,5,13,12,11,10,9,8,6,7,9,10,11,6,15,30,31,1
923,9,8,9,10,11,13,14,15,8,17,18,19,20,23,24,10,29,28,27,26,25,25,26,27,30,28,27,26,25,25,26,27,28,29,30,31,11,9,16,21,29,10,25,25,27,26,26,24,30,11,18,19,11,18,17,16,15,14,13,12,12,12,12,13,14,15,16,20,21,22,17,20,17,18,19,22,21,20,20,21,22,23,11,12,13,14,15,16,17,18,19,20,21,22,23,24,21,21,22,23,24,11,11,12,13,14,23,22,21,20,19,18,9,9,10,11,7,6,5,4,3,2,0,1,16,2,3,15,14,13,12,11,6,4,5,7,8,9,8,17,32,33,1
924,10,9,10,11,12,14,15,16,9,18,19,20,21,24,25,11,30,29,28,27,26,26,27,28,31,29,28,27,26,26,27,28,29,30,31,32,12,10,17,22,30,11,26,26,28,27,27,25,31,12,19,20,12,19,18,17,16,15,14,13,13,13,13,14,15,16,17,21,22,23,18,21,18,19,20,23,22,21,21,22,23,24,12,13,14,15,16,17,18,19,20,21,22,23,24,25,22,22,23,24,25,12,12,13,14,15,24,23,22,21,20,19,10,10,11,12,8,7,6,5,4,3,1,0,17,1,2,16,15,14,13,12,5,3,4,6,7,8,9,18,33,34,2
925,7,9,10,11,12,14,15,16,8,18,19,19,18,15,14,6,13,12,11,10,9,9,10,11,19,17,16,15,14,14,15,16,17,18,19,20,12,10,17,17,18,11,9,13,11,10,12,8,14,6,13,14,6,13,12,11,10,9,8,7,7,7,7,8,9,10,11,15,16,17,12,21,18,19,20,16,21,20,20,21,22,23,12,13,14,15,16,17,18,19,20,21,22,23,24,25,18,18,19,20,21,12,6,7,8,9,7,6,5,4,3,2,10,10,11,12,9,10,11,12,13,14,16,17,0,18,19,1,2,3,4,5,22,20,21,23,24,25,9,1,21,22,15
926,11,10,11,12,13,15,16,17,10,19,20,21,22,25,26,12,31,30,29,28,27,27,28,29,32,30,29,28,27,27,28,29,30,31,32,33,13,11,18,23,31,12,27,27,29,28,28,26,32,13,20,21,13,20,19,18,17,16,15,14,14,14,14,15,16,17,18,22,23,24,19,22,19,20,21,24,23,22,22,23,24,25,13,14,15,16,17,18,19,20,21,22,23,24,25,26,23,23,24,25,26,13,13,14,15,16,25,24,23,22,21,20,11,11,12,13,9,8,7,6,5,4,2,1,18,0,1,17,16,15,14,13,4,2,3,5,6,7,10,19,34,35,3
927,12,11,12,13,14,16,17,18,11,20,21,22,23,26,27,13,32,31,30,29,28,28,29,30,33,31,30,29,28,28,29,30,31,32,33,34,14,12,19,24,32,13,28,28,30,29,29,27,33,14,21,22,14,21,20,19,18,17,16,15,15,15,15,16,17,18,19,23,24,25,20,23,20,21,22,25,24,23,23,24,25,26,14,15,16,17,18,19,20,21,22,23,24,25,26,27,24,24,25,26,27,14,14,15,16,17,26,25,24,23,22,21,12,12,13,14,10,9,8,7,6,5,3,2,19,1,0,18,17,16,15,14,3,1,2,4,5,6,11,20,35,36,4
928,6,8,9,10,11,13,14,15,7,17,18,19,19,16,15,5,14,13,12,11,10,10,11,12,20,18,17,16,15,15,16,17,18,19,20,21,11,9,16,18,19,10,10,14,12,11,13,9,15,5,12,13,5,12,11,10,9,8,7,6,6,6,6,7,8,9,10,14,15,16,11,20,17,18,19,17,21,20,20,21,22,23,11,12,13,14,15,16,17,18,19,20,21,22,23,24,19,19,20,21,22,11,5,6,7,8,8,7,6,5,4,3,9,9,10,11,8,9,10,11,12,13,15,16,1,17,18,0,1,2,3,4,21,19,20,22,23,24,8,2,22,23,14
929,5,7,8,9,10,12,13,14,6,16,17,18,19,17,16,4,15,14,13,12,11,11,12,13,21,19,18,17,16,16,17,18,19,20,21,22,10,8,15,19,20,9,11,15,13,12,14,10,16,4,11,12,4,11,10,9,8,7,6,5,5,5,5,6,7,8,9,13,14,15,10,19,16,17,18,18,20,19,19,20,21,22,10,11,12,13,14,15,16,17,18,19,20,21,22,23,20,20,21,22,23,10,4,5,6,7,9,8,7,6,5,4,8,8,9,10,7,8,9,10,11,12,14,15,2,16,17,1,0,1,2,3,20,18,19,21,22,23,7,3,23,24,13
930,4,6,7,8,9,11,12,13,5,15,16,17,18,18,17,3,16,15,14,13,12,12,13,14,22,20,19,18,17,17,18,19,20,21,22,23,9,7,14,19,21,8,12,16,14,13,15,11,17,3,10,11,3,10,9,8,7,6,5,4,4,4,4,5,6,7,8,12,13,14,9,18,15,16,17,19,19,18,18,19,20,21,9,10,11,12,13,14,15,16,17,18,19,20,21,22,19,19,20,21,22,9,3,4,5,6,10,9,8,7,6,5,7,7,8,9,6,7,8,9,10,11,13,14,3,15,16,2,1,0,1,2,19,17,18,20,21,22,6,4,24,25,12
931,3,5,6,7,8,10,11,12,4,14,15,16,17,19,18,2,17,16,15,14,13,13,14,15,23,21,20,19,18,18,19,20,21,22,23,24,8,6,13,18,22,7,13,17,15,14,16,12,18,2,9,10,2,9,8,7,6,5,4,3,3,3,3,4,5,6,7,11,12,13,8,17,14,15,16,19,18,17,17,18,19,20,8,9,10,11,12,13,14,15,16,17,18,19,20,21,18,18,19,20,21,8,2,3,4,5,11,10,9,8,7,6,6,6,7,8,5,6,7,8,9,10,12,13,4,14,15,3,2,1,0,1,18,16,17,19,20,21,5,5,25,26,11
932,2,4,5,6,7,9,10,11,3,13,14,15,16,19,19,1,18,17,16,15,14,14,15,16,24,22,21,20,19,19,20,21,22,23,24,25,7,5,12,17,23,6,14,18,16,15,17,13,19,1,8,9,1,8,7,6,5,4,3,2,2,2,2,3,4,5,6,10,11,12,7,16,13,14,15,18,17,16,16,17,18,19,7,8,9,10,11,12,13,14,15,16,17,18,19,20,17,17,18,19,20,7,1,2,3,4,12,11,10,9,8,7,5,5,6,7,4,5,6,7,8,9,11,12,5,13,14,4,3,2,1,0,17,15,16,18,19,20,4,6,26,27,10
933,15,14,15,16,17,19,20,21,14,23,24,25,26,29,30,16,35,34,33,32,31,31,32,33,36,34,33,32,31,31,32,33,34,35,36,37,17,15,22,27,35,16,31,31,33,32,32,30,36,17,24,25,17,24,23,22,21,20,19,18,18,18,18,19,20,21,22,26,27,28,23,26,23,24,25,28,27,26,26,27,28,29,17,18,19,20,21,22,23,24,25,26,27,28,29,30,27,27,28,29,30,17,17,18,19,20,29,28,27,26,25,24,15,15,16,17,13,12,11,10,9,8,6,5,22,4,3,21,20,19,18,17,0,2,1,1,2,3,14,23,38,39,7
934,13,12,13,14,15,17,18,19,12,21,22,23,24,27,28,14,33,32,31,30,29,29,30,31,34,32,31,30,29,29,30,31,32,33,34,35,15,13,20,25,33,14,29,29,31,30,30,28,34,15,22,23,15,22,21,20,19,18,17,16,16,16,16,17,18,19,20,24,25,26,21,24,21,22,23,26,25,24,24,25,26,27,15,16,17,18,19,20,21,22,23,24,25,26,27,28,25,25,26,27,28,15,15,16,17,18,27,26,25,24,23,22,13,13,14,15,11,10,9,8,7,6,4,3,20,2,1,19,18,17,16,15,2,0,1,3,4,5,12,21,36,37,5
935,14,13,14,15,16,18,19,20,13,22,23,24,25,28,29,15,34,33,32,31,30,30,31,32,35,33,32,31,30,30,31,32,33,34,35,36,16,14,21,26,34,15,30,30,32,31,31,29,35,16,23,24,16,23,22,21,20,19,18,17,17,17,17,18,19,20,21,25,26,27,22,25,22,23,24,27,26,25,25,26,27,28,16,17,18,19,20,21,22,23,24,25,26,27,28,29,26,26,27,28,29,16,16,17,18,19,28,27,26,25,24,23,14,14,15,16,12,11,10,9,8,7,5,4,21,3,2,20,19,18,17,16,1,1,0,2,3,4,13,22,37,38,6
936,16,15,16,17,18,20,21,22,15,24,25,26,27,30,31,17,36,35,34,33,32,32,33,34,37,35,34,33,32,32,33,34,35,36,37,38,18,16,23,28,36,17,32,32,34,33,33,31,37,18,25,26,18,25,24,23,22,21,20,19,19,19,19,20,21,22,23,27,28,29,24,27,24,25,26,29,28,27,27,28,29,30,18,19,20,21,22,23,24,25,26,27,28,29,30,31,28,28,29,30,31,18,18,19,20,21,30,29,28,27,26,25,16,16,17,18,14,13,12,11,10,9,7,6,23,5,4,22,21,20,19,18,1,3,2,0,1,2,15,24,39,40,8
937,17,16,17,18,19,21,22,23,16,25,26,27,28,31,32,18,37,36,35,34,33,33,34,35,38,36,35,34,33,33,34,35,36,37,38,39,19,17,24,29,37,18,33,33,35,34,34,32,38,19,26,27,19,26,25,24,23,22,21,20,20,20,20,21,22,23,24,28,29,30,25,28,25,26,27,30,29,28,28,29,30,31,19,20,21,22,23,24,25,26,27,28,29,30,31,32,29,29,30,31,32,19,19,20,21,22,31,30,29,28,27,26,17,17,18,19,15,14,13,12,11,10,8,7,24,6,5,23,22,21,20,19,2,4,3,1,0,1,16,25,40,41,9
938,18,17,18,19,20,22,23,24,17,26,27,28,29,32,33,19,38,37,36,35,34,34,35,36,39,37,36,35,34,34,35,36,37,38,39,40,20,18,25,30,38,19,34,34,36,35,35,33,39,20,27,28,20,27,26,25,24,23,22,21,21,21,21,22,23,24,25,29,30,31,26,29,26,27,28,31,30,29,29,30,31,32,20,21,22,23,24,25,26,27,28,29,30,31,32,33,30,30,31,32,33,20,20,21,22,23,32,31,30,29,28,27,18,18,19,20,16,15,14,13,12,11,9,8,25,7,6,24,23,22,21,20,3,5,4,2,1,0,17,26,41,42,10
939,2,1,2,3,4,5,6,7,1,9,10,11,12,15,16,3,22,21,20,19,18,18,19,20,22,20,19,18,17,17,18,19,20,21,22,23,3,1,8,13,21,2,18,17,19,19,18,17,23,4,11,12,4,11,10,9,8,7,6,5,5,5,5,6,7,8,9,13,14,15,10,12,9,10,11,14,13,12,12,13,14,15,3,4,5,6,7,8,9,10,11,12,13,14,15,16,13,13,14,15,16,3,4,5,6,7,16,15,14,13,12,11,1,1,2,3,1,2,3,4,5,6,8,9,9,10,11,8,7,6,5,4,14,12,13,15,16,17,0,10,24,25,7
940,8,10,11,12,13,15,16,17,9,19,19,18,17,14,13,7,12,11,10,9,8,8,9,10,18,16,15,14,13,13,14,15,16,17,18,19,13,11,18,16,17,12,8,12,10,9,11,7,13,7,14,15,7,14,13,12,11,10,9,8,8,8,8,9,10,11,12,16,17,18,13,22,19,20,21,15,20,19,19,20,21,22,13,14,15,16,17,18,19,20,21,22,23,24,25,26,17,17,18,19,20,13,7,8,9,10,6,5,4,3,2,1,11,11,12,13,10,11,12,13,14,15,17,18,1,19,20,2,3,4,5,6,23,21,22,24,25,26,10,0,20,21,16
941,26,24,23,22,21,19,18,17,25,15,14,13,12,9,8,27,17,16,15,14,13,13,14,15,13,11,10,9,8,7,6,5,4,3,2,1,23,23,16,11,12,22,12,8,10,11,9,13,18,27,34,35,27,34,33,32,31,30,29,28,28,28,28,29,30,31,32,36,37,38,33,20,17,18,19,10,15,14,14,15,16,17,21,20,21,22,23,24,25,26,27,28,29,30,31,32,12,12,13,14,15,22,27,28,29,30,14,15,16,17,18,19,24,24,25,26,25,26,27,28,29,30,32,33,21,34,35,22,23,24,25,26,38,36,37,39,40,41,24,20,0,1,31
942,27,25,24,23,22,20,19,18,26,16,15,14,13,10,9,28,18,17,16,15,14,14,15,16,14,12,11,10,9,8,7,6,5,4,3,2,24,24,17,12,13,23,13,9,11,12,10,14,19,28,35,36,28,35,34,33,32,31,30,29,29,29,29,30,31,32,33,37,38,39,34,21,18,19,20,11,16,15,15,16,17,18,22,21,22,23,24,25,26,27,28,29,30,31,32,33,13,13,14,15,16,23,28,29,30,31,15,16,17,18,19,20,25,25,26,27,26,27,28,29,30,31,33,34,22,35,36,23,24,25,26,27,39,37,38,40,41,42,25,21,1,0,32
946,8,7,8,9,10,12,13,14,7,16,17,18,19,22,23,9,28,27,26,25,24,24,25,26,29,27,26,25,24,24,25,26,27,28,29,30,10,8,15,20,28,9,24,24,26,25,25,23,29,10,17,18,10,17,16,15,14,13,12,11,11,11,11,12,13,14,15,19,20,21,16,19,16,17,18,21,20,19,19,20,21,22,10,11,12,13,14,15,16,17,18,19,20,21,22,23,20,20,21,22,23,10,10,11,12,13,22,21,20,19,18,17,8,8,9,10,6,5,4,3,2,1,1,2,15,3,4,14,13,12,11,10,7,5,6,8,9,10,7,16,31,32,0
