,906,20,21,22,24,25,129,27,28,128,127,99,907,98,931,932,19,130,23,930,928,132,911,910,909,8,929,940,11,12,908,13,14,15,832,133,51,54,53,52,50,49,48,55,102,67,66,60,64,941,65,56,942,58,59,57,62,63,61,919,918,920,921,922,923,924,917,946,926,939,938,937,936,935,934,103,933,70,68,927,480,481,482,512,511,523,527,525,529,526,524,522,528,521,518,517,516,515,514,513,519,483,859,863,860,857,862,856,886,879,880,882,883,884,885,890,889,877,887,888,896,892,894,895,903,902,901,900,914,915,916,913
906,0.0,24.0,721.0,178.0,0.0,84.0,1826.0,249.0,915.0,1278.0,1239.0,555.0,4876.0,293.0,1404.0,481.0,30.0,1110.0,161.0,399.0,635.0,4389.0,13959.0,64854.0,2963.0,403.0,2211.0,1366.0,122.0,209.0,1705.0,529.0,54.0,4.0,340.0,894.0,47.0,2462.0,2362.0,320.0,98.0,25.0,0.0,1914.0,469.0,96.0,42.0,532.0,0.0,16.0,44.0,372.0,294.0,404.0,0.0,0.0,0.0,156.0,149.0,17.0,54.0,176.0,397.0,91.0,318.0,53.0,186.0,11.0,13.0,0.0,291.0,17.0,17.0,0.0,23.0,35.0,3.0,42.0,31.0,0.0,87.0,149.0,0,23.0,13.0,0,0,107.0,0,330.0,74.0,2.0,3.0,212.0,705.0,0.0,133.0,0.0,26.0,0.0,415.0,542.0,48.0,223.0,5.0,36.0,27.0,6.0,4.0,35.0,0.0,17.0,12.0,35.0,0.0,57.0,9.0,74.0,58.0,3.0,197.0,54.0,216.0,45.0,109.0,230.0,267.0,402.0,7.0,4.0,70.0,86.0
20,7.0,0.0,893.0,54.0,300.0,2394.0,189.0,217.0,459.0,189.0,149.0,2990.0,27.0,6083.0,149.0,175.0,1656.0,108.0,10139.0,34.0,4.0,88.0,25.0,10.0,5.0,458.0,57.0,19.0,452.0,1947.0,7.0,1264.0,493.0,4.0,492.0,5.0,15.0,63.0,28.0,42.0,7.0,4.0,0.0,258.0,45.0,33.0,19.0,151.0,0.0,7.0,11.0,46.0,458.0,96.0,0.0,0.0,0.0,49.0,153.0,25.0,76.0,134.0,288.0,144.0,156.0,42.0,145.0,8.0,16.0,11.0,130.0,13.0,9.0,0.0,5.0,6.0,6.0,59.0,118.0,3.0,164.0,42.0,0,12.0,6.0,0,0,25.0,0,38.0,14.0,0.0,1.0,77.0,170.0,0.0,170.0,0.0,26.0,0.0,129.0,253.0,688.0,927.0,80.0,823.0,327.0,2520.0,165.0,296.0,0.0,335.0,117.0,199.0,25.0,275.0,210.0,11369.0,643.0,22.0,1247.0,881.0,377.0,453.0,3.0,5.0,5.0,59.0,2.0,0.0,3.0,269.0
21,950.0,1145.0,0.0,0.0,29.0,210.0,218.0,82.0,103.0,136.0,144.0,1107.0,690.0,4166.0,5079.0,7037.0,2.0,70.0,2775.0,1651.0,323.0,1235.0,5501.0,3546.0,479.0,13510.0,2340.0,1323.0,3696.0,2878.0,401.0,4334.0,1222.0,3917.0,104.0,46.0,12.0,333.0,316.0,128.0,17.0,3.0,0.0,1252.0,7.0,19.0,9.0,65.0,0.0,11.0,12.0,14.0,228.0,23.0,0.0,0.0,0.0,17.0,20.0,255.0,574.0,2308.0,6059.0,1470.0,2454.0,259.0,1518.0,247.0,67.0,151.0,645.0,73.0,57.0,0.0,76.0,4462.0,20.0,11777.0,121117.0,18.0,3741.0,1187.0,0,12572.0,20349.0,0,0,1696.0,0,1444.0,749.0,3.0,12.0,4363.0,17214.0,0.0,10258.0,0.0,6068.0,0.0,12959.0,13304.0,263.0,1031.0,61.0,223.0,181.0,199.0,60.0,584.0,0.0,2337.0,61.0,453.0,28.0,491.0,175.0,1396.0,770.0,41.0,1300.0,133.0,142.0,132.0,223.0,221.0,319.0,2772.0,3823.0,266.0,9978.0,1542.0
22,150.0,58.0,2.0,0.0,1155.0,20178.0,795.0,834.0,2971.0,980.0,829.0,28828.0,65.0,63.0,5.0,1.0,2.0,686.0,7246.0,3.0,1.0,721.0,82.0,65.0,17.0,0.0,4.0,50.0,0.0,3.0,28.0,3.0,3.0,0.0,5843.0,29.0,213.0,453.0,221.0,303.0,111.0,9.0,0.0,1085.0,178.0,298.0,82.0,923.0,0.0,101.0,97.0,128.0,1930.0,441.0,0.0,0.0,0.0,459.0,802.0,0.0,0.0,0.0,0.0,0.0,1.0,10.0,0.0,0.0,0.0,0.0,1.0,0.0,0.0,0.0,0.0,0.0,0.0,1.0,0.0,0.0,0.0,0.0,0,1.0,0.0,0,0,0.0,0,1.0,0.0,0.0,0.0,0.0,1.0,0.0,0.0,0.0,0.0,0.0,3.0,2.0,3620.0,2864.0,1023.0,2439.0,2825.0,44522.0,0.0,1.0,0.0,3.0,0.0,0.0,0.0,6.0,0.0,24.0,3.0,1.0,5664.0,8730.0,4210.0,3643.0,0.0,0.0,0.0,0.0,0.0,0.0,0.0,2.0
24,15.0,810.0,151.0,2288.0,0.0,1243.0,219.0,267.0,670.0,112.0,158.0,2311.0,21.0,4566.0,28.0,35.0,432.0,89.0,2878.0,8.0,2.0,77.0,12.0,7.0,3.0,69.0,5.0,3.0,129.0,393.0,3.0,526.0,256.0,0.0,388.0,2.0,29.0,67.0,42.0,66.0,5.0,1.0,0.0,209.0,55.0,60.0,22.0,134.0,0.0,13.0,9.0,21.0,381.0,70.0,0.0,0.0,0.0,139.0,112.0,6.0,11.0,39.0,105.0,24.0,60.0,15.0,30.0,1.0,5.0,1.0,59.0,17.0,1.0,0.0,3.0,2.0,1.0,5.0,17.0,2.0,12.0,8.0,0,6.0,1.0,0,0,4.0,0,5.0,4.0,0.0,0.0,23.0,33.0,0.0,13.0,0.0,7.0,0.0,35.0,30.0,5511.0,1515.0,909.0,3415.0,1079.0,61738.0,17.0,153.0,0.0,140.0,28.0,93.0,2.0,47.0,79.0,1587.0,248.0,10.0,1039.0,2195.0,126.0,185.0,2.0,2.0,1.0,5.0,2.0,0.0,1.0,48.0
25,69.0,2162.0,139.0,13082.0,127.0,0.0,668.0,937.0,2896.0,725.0,785.0,15435.0,72.0,6668.0,30.0,8.0,1546.0,574.0,4482.0,8.0,7.0,266.0,18.0,15.0,13.0,131.0,14.0,6.0,155.0,614.0,18.0,449.0,872.0,0.0,2980.0,8.0,26.0,169.0,200.0,158.0,12.0,5.0,0.0,612.0,88.0,97.0,39.0,543.0,0.0,22.0,45.0,86.0,1137.0,179.0,0.0,0.0,0.0,295.0,930.0,11.0,22.0,25.0,70.0,35.0,86.0,10.0,34.0,7.0,3.0,0.0,41.0,5.0,1.0,0.0,2.0,0.0,0.0,12.0,8.0,0.0,13.0,6.0,0,10.0,0.0,0,0,4.0,0,11.0,7.0,0.0,0.0,14.0,31.0,0.0,13.0,0.0,4.0,0.0,38.0,47.0,3410.0,1048.0,256.0,456.0,932.0,1002.0,31.0,373.0,4.0,365.0,27.0,144.0,8.0,44.0,61.0,557.0,169.0,4.0,2986.0,8203.0,4116.0,1971.0,0.0,1.0,1.0,1.0,0.0,0.0,0.0,35.0
129,1713.0,248.0,230.0,860.0,23.0,655.0,0.0,1790.0,6056.0,2392.0,11433.0,4792.0,753.0,1595.0,327.0,312.0,159.0,4428.0,1681.0,162.0,56.0,1599.0,2106.0,2188.0,352.0,99.0,556.0,180.0,62.0,152.0,165.0,584.0,426.0,0.0,4692.0,6779.0,1480.0,4119.0,1471.0,605.0,423.0,162.0,0.0,2509.0,9136.0,615.0,273.0,3579.0,0.0,120.0,160.0,7749.0,3633.0,4898.0,0.0,0.0,0.0,1523.0,1213.0,7.0,18.0,40.0,94.0,16.0,63.0,8.0,37.0,2.0,1.0,1.0,45.0,0.0,0.0,0.0,2.0,13.0,0.0,6.0,11.0,0.0,74.0,20.0,0,2.0,2.0,0,0,50.0,0,66.0,17.0,0.0,0.0,54.0,228.0,0.0,136.0,0.0,12.0,0.0,72.0,111.0,337.0,2790.0,44.0,450.0,132.0,57.0,68.0,84.0,0.0,86.0,23.0,75.0,5.0,83.0,78.0,376.0,224.0,8.0,1349.0,375.0,346.0,183.0,22.0,25.0,33.0,79.0,0.0,2.0,5.0,12.0
27,263.0,265.0,80.0,994.0,53.0,1061.0,1858.0,0.0,3707.0,4824.0,5669.0,11212.0,194.0,3039.0,69.0,80.0,343.0,1649.0,1770.0,14.0,20.0,1329.0,107.0,111.0,51.0,44.0,66.0,23.0,114.0,377.0,56.0,404.0,372.0,0.0,2126.0,73.0,150.0,627.0,641.0,549.0,116.0,20.0,0.0,1034.0,3015.0,361.0,181.0,4671.0,0.0,150.0,288.0,7374.0,2336.0,3524.0,0.0,0.0,0.0,815.0,3649.0,3.0,11.0,23.0,94.0,26.0,98.0,5.0,36.0,5.0,1.0,0.0,39.0,2.0,1.0,0.0,5.0,1.0,1.0,5.0,8.0,0.0,10.0,6.0,0,0.0,0.0,0,0,13.0,0,2.0,4.0,0.0,0.0,16.0,36.0,0.0,4.0,0.0,2.0,0.0,27.0,22.0,917.0,1057.0,63.0,471.0,219.0,577.0,12.0,131.0,0.0,204.0,25.0,121.0,1.0,50.0,31.0,414.0,121.0,8.0,999.0,2030.0,490.0,242.0,2.0,1.0,0.0,5.0,0.0,0.0,1.0,13.0
28,896.0,622.0,135.0,3611.0,97.0,3140.0,6067.0,4321.0,0.0,6885.0,8177.0,37472.0,508.0,6067.0,173.0,72.0,948.0,8059.0,5459.0,61.0,35.0,2371.0,282.0,202.0,102.0,62.0,229.0,52.0,197.0,731.0,158.0,1181.0,876.0,0.0,13181.0,115.0,220.0,1524.0,1362.0,1286.0,255.0,50.0,0.0,2531.0,6739.0,1207.0,744.0,3995.0,0.0,362.0,648.0,17629.0,6933.0,11297.0,0.0,0.0,0.0,5191.0,7318.0,11.0,25.0,45.0,179.0,111.0,148.0,11.0,57.0,8.0,9.0,0.0,85.0,3.0,3.0,0.0,5.0,2.0,0.0,11.0,6.0,3.0,21.0,5.0,0,0.0,2.0,0,0,5.0,0,11.0,7.0,0.0,0.0,20.0,56.0,0.0,10.0,0.0,4.0,0.0,24.0,38.0,1359.0,2440.0,216.0,1103.0,776.0,339.0,59.0,293.0,0.0,409.0,88.0,231.0,9.0,127.0,88.0,1248.0,367.0,28.0,3104.0,1864.0,1541.0,677.0,6.0,2.0,3.0,27.0,2.0,1.0,2.0,18.0
128,1253.0,211.0,148.0,1104.0,29.0,738.0,3704.0,5670.0,7475.0,0.0,10026.0,6659.0,735.0,1680.0,546.0,65.0,238.0,6157.0,1478.0,64.0,116.0,2546.0,1108.0,1588.0,240.0,104.0,393.0,164.0,27.0,82.0,170.0,237.0,320.0,0.0,4417.0,3584.0,1251.0,1363.0,1025.0,1616.0,246.0,55.0,0.0,3059.0,13358.0,776.0,223.0,7847.0,0.0,186.0,241.0,21128.0,4340.0,5696.0,0.0,0.0,0.0,1734.0,2196.0,4.0,11.0,18.0,36.0,6.0,32.0,6.0,29.0,0.0,0.0,0.0,14.0,3.0,2.0,0.0,11.0,10.0,2.0,4.0,5.0,0.0,60.0,14.0,0,1.0,0.0,0,0,183.0,0,24.0,7.0,0.0,0.0,23.0,67.0,0.0,9.0,0.0,5.0,0.0,54.0,56.0,636.0,1538.0,39.0,317.0,256.0,72.0,27.0,98.0,0.0,78.0,12.0,75.0,12.0,50.0,40.0,300.0,171.0,4.0,1138.0,630.0,392.0,222.0,9.0,10.0,77.0,59.0,2.0,1.0,11.0,16.0
127,1067.0,172.0,84.0,817.0,21.0,593.0,11747.0,4592.0,6279.0,9366.0,0.0,5164.0,545.0,1416.0,93.0,103.0,120.0,1822.0,1021.0,40.0,37.0,4169.0,371.0,304.0,144.0,23.0,214.0,197.0,45.0,120.0,166.0,233.0,250.0,0.0,3709.0,232.0,698.0,1730.0,1427.0,2084.0,278.0,62.0,0.0,2433.0,33421.0,1109.0,1168.0,1972.0,0.0,790.0,1955.0,41508.0,4047.0,9043.0,0.0,0.0,0.0,2082.0,976.0,2.0,7.0,24.0,55.0,12.0,71.0,9.0,7.0,4.0,1.0,1.0,15.0,3.0,2.0,0.0,2.0,0.0,3.0,2.0,2.0,0.0,38.0,9.0,0,5.0,2.0,0,0,8.0,0,26.0,4.0,0.0,0.0,24.0,53.0,0.0,8.0,0.0,3.0,0.0,31.0,24.0,399.0,485.0,56.0,213.0,174.0,57.0,15.0,63.0,0.0,74.0,15.0,49.0,2.0,25.0,33.0,314.0,108.0,5.0,554.0,393.0,277.0,68.0,30.0,13.0,15.0,21.0,0.0,0.0,0.0,9.0
99,601.0,3390.0,1306.0,33733.0,543.0,14729.0,5317.0,11666.0,35779.0,6496.0,8010.0,0.0,439.0,40705.0,185.0,174.0,4057.0,6527.0,19846.0,103.0,48.0,2720.0,450.0,284.0,81.0,757.0,247.0,139.0,1104.0,4010.0,129.0,4452.0,5135.0,4.0,16202.0,132.0,799.0,1342.0,1508.0,2064.0,537.0,65.0,0.0,2125.0,2512.0,549.0,203.0,11908.0,0.0,162.0,275.0,3504.0,3294.0,7199.0,0.0,0.0,0.0,1210.0,5223.0,53.0,162.0,359.0,873.0,264.0,776.0,79.0,257.0,9.0,27.0,1.0,823.0,28.0,28.0,0.0,48.0,9.0,11.0,74.0,96.0,3.0,152.0,61.0,0,13.0,3.0,0,0,48.0,0,114.0,49.0,0.0,2.0,135.0,360.0,0.0,97.0,0.0,37.0,0.0,266.0,415.0,4021.0,6216.0,464.0,7662.0,1640.0,2105.0,196.0,1144.0,0.0,1276.0,188.0,956.0,78.0,398.0,353.0,9106.0,1397.0,70.0,5901.0,19689.0,2738.0,1549.0,19.0,14.0,3.0,55.0,9.0,3.0,6.0,231.0
907,5351.0,27.0,528.0,104.0,4.0,61.0,731.0,242.0,460.0,617.0,559.0,472.0,0.0,172.0,970.0,643.0,16.0,474.0,179.0,321.0,318.0,7529.0,8467.0,42004.0,1613.0,280.0,2962.0,936.0,110.0,172.0,806.0,262.0,22.0,4.0,303.0,678.0,44.0,866.0,1151.0,312.0,61.0,8.0,0.0,1012.0,303.0,76.0,35.0,472.0,0.0,22.0,28.0,157.0,334.0,246.0,0.0,0.0,0.0,140.0,145.0,13.0,73.0,89.0,210.0,40.0,135.0,15.0,84.0,3.0,7.0,7.0,123.0,12.0,7.0,0.0,20.0,15.0,2.0,33.0,40.0,0.0,160.0,168.0,0,23.0,7.0,0,0,73.0,0,110.0,37.0,1.0,2.0,102.0,512.0,0.0,60.0,0.0,16.0,0.0,172.0,306.0,34.0,94.0,12.0,40.0,11.0,66.0,2.0,9.0,0.0,16.0,3.0,11.0,0.0,7.0,12.0,41.0,14.0,0.0,87.0,73.0,45.0,21.0,94.0,56.0,215.0,218.0,26.0,2.0,96.0,80.0
98,278.0,8677.0,4249.0,62.0,1471.0,10958.0,1647.0,3100.0,5337.0,1740.0,1879.0,38046.0,183.0,0.0,595.0,715.0,11031.0,1009.0,39163.0,233.0,51.0,1204.0,263.0,110.0,47.0,2511.0,432.0,139.0,2128.0,7618.0,57.0,8598.0,5542.0,7.0,7155.0,31.0,269.0,1016.0,739.0,816.0,116.0,26.0,0.0,3985.0,248.0,639.0,257.0,1809.0,0.0,196.0,141.0,179.0,7514.0,820.0,0.0,0.0,0.0,787.0,1477.0,199.0,410.0,911.0,3018.0,577.0,1480.0,285.0,657.0,39.0,81.0,105.0,1074.0,154.0,85.0,0.0,110.0,20.0,23.0,300.0,365.0,31.0,814.0,574.0,0,104.0,20.0,0,0,281.0,0,481.0,155.0,1.0,1.0,487.0,1530.0,0.0,528.0,0.0,174.0,0.0,1218.0,1335.0,4058.0,9256.0,612.0,9982.0,3194.0,19604.0,629.0,1729.0,1.0,2181.0,465.0,2249.0,121.0,2260.0,1660.0,31260.0,5239.0,189.0,22042.0,6848.0,3875.0,6291.0,30.0,60.0,46.0,204.0,12.0,4.0,6.0,1273.0
931,1699.0,154.0,4208.0,2.0,18.0,34.0,285.0,64.0,142.0,240.0,92.0,158.0,992.0,471.0,0.0,2287.0,0.0,177.0,361.0,1988.0,568.0,1697.0,36320.0,17396.0,1857.0,1980.0,5496.0,5135.0,396.0,602.0,1030.0,779.0,188.0,445.0,68.0,107.0,23.0,611.0,638.0,61.0,46.0,3.0,0.0,1744.0,13.0,40.0,5.0,57.0,0.0,20.0,10.0,8.0,336.0,23.0,0.0,0.0,0.0,64.0,61.0,77.0,215.0,430.0,944.0,386.0,523.0,54.0,542.0,66.0,14.0,14.0,154.0,18.0,24.0,0.0,23.0,389.0,53.0,241.0,2025.0,3.0,2379.0,124.0,0,5218.0,17996.0,0,0,145.0,0,174.0,114.0,2.0,1.0,273.0,16604.0,0.0,4625.0,0.0,5417.0,0.0,3158.0,7300.0,60.0,170.0,3.0,32.0,46.0,39.0,12.0,45.0,0.0,395.0,32.0,65.0,4.0,126.0,20.0,224.0,130.0,11.0,121.0,23.0,25.0,18.0,282.0,190.0,1149.0,2408.0,258.0,79.0,2638.0,312.0
932,557.0,234.0,7109.0,0.0,10.0,29.0,135.0,48.0,86.0,57.0,63.0,179.0,619.0,708.0,1654.0,0.0,1.0,123.0,557.0,1825.0,722.0,992.0,8931.0,7979.0,595.0,3516.0,4941.0,1255.0,969.0,799.0,500.0,1811.0,305.0,628.0,70.0,41.0,9.0,342.0,300.0,28.0,9.0,2.0,0.0,763.0,10.0,18.0,3.0,31.0,0.0,2.0,10.0,9.0,114.0,14.0,0.0,0.0,0.0,26.0,32.0,93.0,220.0,330.0,551.0,226.0,722.0,67.0,757.0,20.0,4.0,22.0,190.0,12.0,7.0,0.0,20.0,837.0,4.0,586.0,3385.0,3.0,3262.0,100.0,0,17548.0,22626.0,0,0,51.0,0,96.0,59.0,0.0,1.0,192.0,2965.0,0.0,29474.0,0.0,6482.0,0.0,2284.0,1339.0,85.0,220.0,9.0,35.0,74.0,12.0,17.0,70.0,0.0,710.0,33.0,98.0,9.0,90.0,29.0,216.0,138.0,11.0,235.0,10.0,18.0,21.0,432.0,1005.0,723.0,1288.0,376.0,77.0,3072.0,655.0
19,12.0,2039.0,0.0,5.0,158.0,2311.0,145.0,413.0,830.0,227.0,170.0,3809.0,15.0,10064.0,0.0,0.0,0.0,164.0,12089.0,0.0,0.0,61.0,3.0,4.0,21.0,2.0,0.0,1.0,1.0,0.0,5.0,3.0,4.0,0.0,506.0,8.0,13.0,74.0,79.0,51.0,7.0,1.0,0.0,179.0,30.0,62.0,29.0,209.0,0.0,8.0,32.0,25.0,1105.0,97.0,0.0,0.0,0.0,69.0,130.0,0.0,0.0,1.0,2.0,0.0,0.0,1.0,0.0,0.0,0.0,0.0,0.0,0.0,0.0,0.0,0.0,0.0,0.0,0.0,0.0,0.0,0.0,0.0,0,0.0,0.0,0,0,0.0,0,0.0,0.0,0.0,0.0,0.0,0.0,0.0,0.0,0.0,0.0,0.0,0.0,1.0,1026.0,979.0,102.0,1052.0,459.0,2025.0,0.0,3.0,0.0,1.0,0.0,1.0,0.0,0.0,0.0,8.0,0.0,0.0,1650.0,891.0,591.0,369.0,0.0,0.0,0.0,0.0,0.0,0.0,0.0,1.0
130,1130.0,129.0,77.0,836.0,27.0,738.0,4917.0,1899.0,8318.0,5988.0,1423.0,7562.0,376.0,1099.0,147.0,113.0,183.0,0.0,1839.0,47.0,43.0,3044.0,457.0,368.0,183.0,45.0,213.0,98.0,51.0,141.0,152.0,281.0,181.0,0.0,2800.0,321.0,242.0,2705.0,2454.0,2048.0,198.0,83.0,0.0,5787.0,12389.0,826.0,383.0,1430.0,0.0,185.0,647.0,17297.0,3611.0,5032.0,0.0,0.0,0.0,1209.0,707.0,5.0,10.0,20.0,40.0,19.0,33.0,12.0,8.0,1.0,0.0,0.0,15.0,1.0,1.0,0.0,1.0,5.0,1.0,6.0,3.0,0.0,16.0,13.0,0,2.0,1.0,0,0,10.0,0,12.0,6.0,0.0,0.0,11.0,52.0,0.0,9.0,0.0,1.0,0.0,35.0,30.0,309.0,424.0,49.0,299.0,191.0,54.0,15.0,55.0,0.0,72.0,10.0,40.0,2.0,24.0,21.0,178.0,67.0,7.0,437.0,1344.0,275.0,89.0,10.0,5.0,16.0,49.0,0.0,0.0,2.0,13.0
23,174.0,11230.0,2962.0,8064.0,1283.0,6520.0,1736.0,1703.0,4823.0,1527.0,1416.0,18795.0,214.0,45268.0,474.0,575.0,12363.0,2415.0,0.0,121.0,18.0,1190.0,97.0,87.0,21.0,2405.0,338.0,55.0,2058.0,9342.0,37.0,8149.0,5191.0,3.0,5144.0,30.0,222.0,728.0,527.0,671.0,87.0,16.0,0.0,1946.0,293.0,466.0,164.0,1250.0,0.0,127.0,89.0,232.0,3212.0,989.0,0.0,0.0,0.0,718.0,1292.0,104.0,331.0,647.0,1640.0,478.0,1115.0,225.0,479.0,31.0,55.0,18.0,798.0,68.0,50.0,0.0,63.0,43.0,31.0,141.0,302.0,24.0,557.0,281.0,0,30.0,23.0,0,0,123.0,0,276.0,66.0,0.0,4.0,366.0,948.0,0.0,449.0,0.0,105.0,0.0,861.0,1005.0,3355.0,4807.0,684.0,7859.0,3431.0,95256.0,335.0,2156.0,0.0,2121.0,322.0,1378.0,125.0,994.0,772.0,24790.0,2824.0,164.0,10647.0,10600.0,1351.0,2321.0,19.0,24.0,18.0,185.0,29.0,1.0,10.0,978.0
930,419.0,43.0,1476.0,2.0,2.0,11.0,101.0,20.0,44.0,72.0,56.0,74.0,388.0,208.0,1762.0,2182.0,0.0,47.0,108.0,0.0,408.0,778.0,16513.0,12070.0,442.0,936.0,1027.0,1865.0,342.0,606.0,293.0,799.0,107.0,136.0,38.0,46.0,5.0,114.0,180.0,22.0,14.0,1.0,0.0,344.0,2.0,8.0,6.0,30.0,0.0,2.0,2.0,5.0,94.0,11.0,0.0,0.0,0.0,16.0,9.0,69.0,100.0,276.0,375.0,66.0,346.0,54.0,279.0,8.0,23.0,14.0,67.0,15.0,9.0,0.0,12.0,117.0,7.0,173.0,467.0,15.0,591.0,77.0,0,688.0,1276.0,0,0,76.0,0,101.0,37.0,2.0,1.0,172.0,1267.0,0.0,421.0,0.0,562.0,0.0,995.0,1099.0,9.0,45.0,0.0,12.0,11.0,7.0,14.0,22.0,0.0,86.0,15.0,50.0,0.0,42.0,24.0,107.0,72.0,3.0,55.0,4.0,10.0,13.0,118.0,115.0,426.0,3787.0,173.0,22.0,833.0,111.0
928,682.0,5.0,377.0,0.0,0.0,0.0,51.0,20.0,32.0,76.0,38.0,56.0,359.0,28.0,700.0,835.0,0.0,39.0,19.0,463.0,0.0,591.0,23478.0,6164.0,761.0,174.0,1591.0,1501.0,39.0,63.0,358.0,141.0,12.0,25.0,30.0,43.0,10.0,220.0,262.0,433.0,29.0,4.0,0.0,408.0,7.0,7.0,6.0,12.0,0.0,1.0,2.0,3.0,71.0,7.0,0.0,0.0,0.0,7.0,22.0,10.0,9.0,22.0,98.0,11.0,62.0,2.0,32.0,2.0,3.0,1.0,7.0,3.0,2.0,0.0,2.0,28.0,0.0,46.0,210.0,1.0,196.0,15.0,0,144.0,267.0,0,0,22.0,0,17.0,12.0,0.0,0.0,38.0,388.0,0.0,112.0,0.0,53.0,0.0,292.0,210.0,1.0,7.0,1.0,1.0,7.0,2.0,1.0,7.0,0.0,23.0,4.0,6.0,1.0,3.0,4.0,20.0,21.0,1.0,17.0,2.0,2.0,0.0,149.0,28.0,117.0,173.0,26.0,3.0,95.0,16.0
132,4646.0,89.0,1349.0,830.0,16.0,270.0,1083.0,1761.0,2475.0,2731.0,5105.0,3066.0,9300.0,1237.0,1965.0,1228.0,100.0,2918.0,1107.0,844.0,988.0,0.0,39823.0,79622.0,4202.0,618.0,4627.0,1645.0,316.0,466.0,4448.0,764.0,121.0,11.0,1734.0,677.0,143.0,532.0,696.0,243.0,111.0,31.0,0.0,857.0,1905.0,338.0,106.0,3218.0,0.0,129.0,99.0,1027.0,1550.0,2349.0,0.0,0.0,0.0,460.0,474.0,56.0,162.0,348.0,664.0,217.0,469.0,79.0,347.0,11.0,48.0,3.0,425.0,27.0,13.0,0.0,17.0,36.0,5.0,202.0,129.0,5.0,393.0,263.0,0,42.0,19.0,0,0,166.0,0,292.0,90.0,1.0,3.0,293.0,1674.0,0.0,174.0,0.0,66.0,0.0,639.0,970.0,211.0,1410.0,13.0,274.0,85.0,46.0,45.0,76.0,0.0,106.0,16.0,95.0,4.0,33.0,48.0,286.0,124.0,5.0,1130.0,405.0,167.0,86.0,249.0,283.0,561.0,559.0,72.0,40.0,249.0,107.0
911,14234.0,41.0,4770.0,141.0,0.0,34.0,1848.0,110.0,221.0,968.0,533.0,460.0,8065.0,193.0,35705.0,8905.0,3.0,443.0,93.0,16118.0,23633.0,31496.0,0.0,13679.0,8726.0,2533.0,30152.0,28731.0,451.0,820.0,19359.0,1408.0,177.0,139.0,176.0,88.0,144.0,3713.0,4339.0,620.0,128.0,8.0,0.0,9643.0,28.0,113.0,43.0,147.0,0.0,20.0,25.0,22.0,566.0,39.0,0.0,0.0,0.0,152.0,125.0,82.0,207.0,843.0,1774.0,437.0,1161.0,111.0,561.0,23.0,60.0,29.0,360.0,37.0,67.0,0.0,66.0,99.0,18.0,152.0,192.0,19.0,1341.0,874.0,0,128.0,47.0,0,0,1409.0,0,1400.0,806.0,2.0,13.0,2346.0,5581.0,0.0,306.0,0.0,102.0,0.0,2942.0,3225.0,40.0,137.0,2.0,26.0,19.0,9.0,28.0,174.0,0.0,117.0,39.0,69.0,14.0,51.0,80.0,188.0,160.0,14.0,259.0,52.0,39.0,37.0,644.0,1371.0,1965.0,2562.0,96.0,113.0,487.0,481.0
910,55450.0,18.0,3018.0,73.0,3.0,10.0,1784.0,102.0,157.0,1544.0,355.0,228.0,39980.0,86.0,16951.0,8314.0,5.0,338.0,77.0,11830.0,5411.0,66376.0,14659.0,0.0,23926.0,1848.0,26131.0,15017.0,211.0,321.0,62335.0,481.0,68.0,24.0,138.0,142.0,92.0,6581.0,5684.0,590.0,114.0,15.0,0.0,22295.0,30.0,65.0,15.0,84.0,0.0,12.0,14.0,16.0,444.0,26.0,0.0,0.0,0.0,120.0,86.0,33.0,104.0,370.0,1099.0,217.0,537.0,60.0,354.0,10.0,30.0,10.0,255.0,50.0,42.0,0.0,84.0,27.0,11.0,133.0,84.0,11.0,993.0,686.0,0,71.0,29.0,0,0,1172.0,0,1263.0,697.0,3.0,9.0,2984.0,6974.0,0.0,205.0,0.0,80.0,0.0,2857.0,2884.0,34.0,73.0,2.0,12.0,23.0,24.0,4.0,15.0,0.0,22.0,25.0,33.0,1.0,18.0,20.0,111.0,62.0,4.0,86.0,22.0,15.0,5.0,655.0,1295.0,1545.0,1563.0,26.0,19.0,306.0,274.0
909,3315.0,7.0,457.0,23.0,2.0,9.0,330.0,20.0,98.0,253.0,162.0,78.0,1930.0,27.0,1789.0,664.0,3.0,177.0,17.0,342.0,791.0,3489.0,12004.0,27801.0,0.0,204.0,2419.0,836.0,69.0,88.0,1940.0,91.0,14.0,1.0,37.0,142.0,17.0,397.0,626.0,75.0,22.0,4.0,0.0,1085.0,30.0,21.0,8.0,77.0,0.0,2.0,1.0,12.0,74.0,29.0,0.0,0.0,0.0,45.0,48.0,5.0,30.0,40.0,201.0,26.0,96.0,10.0,68.0,0.0,3.0,1.0,40.0,3.0,5.0,0.0,6.0,14.0,5.0,6.0,28.0,4.0,97.0,109.0,0,5.0,5.0,0,0,50.0,0,75.0,23.0,0.0,1.0,250.0,265.0,0.0,49.0,0.0,14.0,0.0,209.0,348.0,8.0,11.0,5.0,9.0,0.0,1.0,0.0,11.0,0.0,5.0,0.0,1.0,0.0,4.0,4.0,75.0,19.0,1.0,37.0,6.0,7.0,1.0,82.0,33.0,136.0,359.0,10.0,4.0,237.0,14.0
8,349.0,669.0,14347.0,2.0,24.0,217.0,68.0,35.0,42.0,77.0,40.0,579.0,254.0,2403.0,1851.0,2490.0,0.0,44.0,2385.0,932.0,104.0,413.0,2278.0,1400.0,167.0,0.0,1802.0,410.0,2934.0,4547.0,175.0,5029.0,1586.0,2492.0,64.0,9.0,3.0,135.0,133.0,13.0,8.0,1.0,0.0,372.0,3.0,3.0,3.0,8.0,0.0,2.0,3.0,4.0,45.0,10.0,0.0,0.0,0.0,11.0,35.0,215.0,708.0,902.0,2795.0,652.0,1679.0,239.0,1493.0,37.0,39.0,132.0,613.0,51.0,45.0,0.0,73.0,3686.0,21.0,2461.0,31001.0,15.0,1060.0,215.0,0,6143.0,11145.0,0,0,221.0,0,242.0,128.0,3.0,2.0,1232.0,2291.0,0.0,5674.0,0.0,3444.0,0.0,2170.0,1618.0,228.0,973.0,29.0,112.0,168.0,104.0,47.0,244.0,0.0,1974.0,132.0,347.0,23.0,439.0,126.0,804.0,734.0,23.0,808.0,66.0,91.0,65.0,84.0,97.0,60.0,824.0,2342.0,526.0,10980.0,2300.0
929,2273.0,114.0,2021.0,2.0,3.0,11.0,401.0,83.0,222.0,349.0,228.0,200.0,2411.0,387.0,6618.0,4852.0,0.0,211.0,270.0,1184.0,1309.0,3917.0,26407.0,21593.0,1887.0,1824.0,0.0,6577.0,529.0,582.0,2269.0,1153.0,145.0,339.0,136.0,124.0,58.0,1025.0,1080.0,117.0,51.0,6.0,0.0,3198.0,18.0,37.0,23.0,64.0,0.0,5.0,9.0,20.0,328.0,22.0,0.0,0.0,0.0,44.0,103.0,83.0,288.0,602.0,785.0,472.0,752.0,121.0,589.0,19.0,24.0,17.0,151.0,38.0,26.0,0.0,21.0,143.0,14.0,479.0,648.0,5.0,854.0,185.0,0,353.0,570.0,0,0,193.0,0,241.0,109.0,3.0,0.0,522.0,3010.0,0.0,97.0,0.0,262.0,0.0,1294.0,2561.0,19.0,103.0,2.0,11.0,4.0,53.0,25.0,65.0,0.0,237.0,10.0,75.0,3.0,44.0,39.0,278.0,137.0,8.0,196.0,21.0,21.0,11.0,224.0,323.0,735.0,1057.0,195.0,113.0,1017.0,173.0
940,1380.0,19.0,1254.0,66.0,0.0,11.0,170.0,23.0,45.0,148.0,299.0,117.0,968.0,113.0,5235.0,1345.0,3.0,112.0,58.0,1924.0,2830.0,1257.0,29928.0,15017.0,1005.0,549.0,8049.0,0.0,172.0,287.0,942.0,460.0,47.0,110.0,42.0,117.0,18.0,270.0,267.0,125.0,22.0,3.0,0.0,503.0,19.0,15.0,6.0,66.0,0.0,4.0,6.0,16.0,82.0,20.0,0.0,0.0,0.0,19.0,31.0,19.0,70.0,222.0,340.0,105.0,359.0,19.0,187.0,10.0,16.0,7.0,108.0,6.0,9.0,0.0,15.0,57.0,10.0,113.0,194.0,4.0,515.0,150.0,0,184.0,238.0,0,0,173.0,0,154.0,47.0,1.0,3.0,236.0,1156.0,0.0,230.0,0.0,158.0,0.0,535.0,796.0,8.0,33.0,2.0,8.0,3.0,2.0,15.0,34.0,0.0,86.0,11.0,32.0,6.0,17.0,24.0,42.0,84.0,16.0,44.0,11.0,13.0,7.0,122.0,117.0,316.0,436.0,111.0,35.0,285.0,104.0
11,132.0,682.0,4081.0,1.0,52.0,236.0,41.0,95.0,152.0,12.0,32.0,1002.0,111.0,1923.0,436.0,1168.0,3.0,25.0,1974.0,415.0,32.0,316.0,394.0,175.0,68.0,3276.0,442.0,142.0,0.0,1155.0,56.0,8106.0,2178.0,3453.0,176.0,3.0,1.0,46.0,42.0,36.0,7.0,2.0,0.0,132.0,3.0,11.0,5.0,40.0,0.0,2.0,5.0,6.0,108.0,11.0,0.0,0.0,0.0,30.0,62.0,50.0,126.0,167.0,430.0,77.0,328.0,54.0,394.0,11.0,14.0,20.0,155.0,17.0,15.0,0.0,30.0,790.0,7.0,688.0,34402.0,5.0,818.0,252.0,0,148.0,145.0,0,0,233.0,0,412.0,78.0,1.0,4.0,337.0,1106.0,0.0,1234.0,0.0,355.0,0.0,1225.0,1630.0,178.0,559.0,42.0,300.0,204.0,217.0,25.0,526.0,0.0,2070.0,135.0,191.0,18.0,286.0,102.0,1159.0,265.0,18.0,725.0,73.0,145.0,105.0,45.0,141.0,13.0,243.0,41.0,41.0,84.0,1446.0
12,263.0,2457.0,2166.0,2.0,117.0,824.0,110.0,288.0,691.0,85.0,167.0,3277.0,149.0,6893.0,526.0,669.0,1.0,84.0,8466.0,576.0,60.0,551.0,715.0,316.0,89.0,3380.0,502.0,263.0,481.0,0.0,89.0,2150.0,1248.0,5829.0,431.0,6.0,6.0,84.0,63.0,29.0,8.0,2.0,0.0,291.0,11.0,69.0,14.0,221.0,0.0,18.0,16.0,10.0,529.0,100.0,0.0,0.0,0.0,93.0,175.0,43.0,101.0,131.0,277.0,79.0,287.0,44.0,154.0,8.0,16.0,8.0,136.0,17.0,17.0,0.0,9.0,227.0,3.0,291.0,11766.0,6.0,1049.0,196.0,0,224.0,207.0,0,0,189.0,0,304.0,83.0,1.0,3.0,445.0,951.0,0.0,1470.0,0.0,490.0,0.0,919.0,1309.0,461.0,1562.0,52.0,837.0,432.0,912.0,42.0,545.0,0.0,1750.0,125.0,417.0,16.0,535.0,75.0,7531.0,362.0,23.0,3192.0,1530.0,343.0,305.0,24.0,63.0,35.0,175.0,8.0,1.0,42.0,1228.0
908,1493.0,9.0,376.0,26.0,0.0,15.0,175.0,57.0,203.0,164.0,182.0,143.0,1057.0,76.0,1138.0,495.0,5.0,189.0,25.0,301.0,335.0,3480.0,24682.0,66295.0,1657.0,204.0,2835.0,945.0,73.0,73.0,0.0,86.0,29.0,7.0,139.0,125.0,14.0,374.0,407.0,97.0,25.0,4.0,0.0,567.0,49.0,18.0,21.0,94.0,0.0,4.0,23.0,18.0,111.0,32.0,0.0,0.0,0.0,70.0,79.0,7.0,19.0,55.0,221.0,52.0,91.0,24.0,97.0,4.0,2.0,0.0,66.0,9.0,20.0,0.0,6.0,19.0,3.0,12.0,33.0,3.0,103.0,75.0,0,17.0,6.0,0,0,38.0,0,77.0,17.0,0.0,0.0,115.0,247.0,0.0,93.0,0.0,17.0,0.0,130.0,179.0,11.0,28.0,2.0,4.0,5.0,27.0,3.0,27.0,0.0,9.0,2.0,11.0,2.0,9.0,5.0,128.0,17.0,1.0,70.0,28.0,9.0,2.0,37.0,42.0,110.0,158.0,2.0,2.0,393.0,36.0
13,496.0,1886.0,3992.0,6.0,109.0,927.0,505.0,442.0,1060.0,259.0,291.0,4128.0,186.0,7040.0,696.0,1728.0,3.0,212.0,7806.0,728.0,116.0,607.0,1080.0,376.0,62.0,4394.0,1054.0,473.0,6506.0,2418.0,94.0,0.0,1047.0,4524.0,870.0,8.0,23.0,196.0,111.0,101.0,11.0,3.0,0.0,511.0,23.0,183.0,24.0,559.0,0.0,33.0,26.0,34.0,1093.0,188.0,0.0,0.0,0.0,132.0,270.0,267.0,565.0,376.0,563.0,131.0,512.0,74.0,655.0,2.0,15.0,10.0,287.0,34.0,11.0,0.0,39.0,85.0,3.0,243.0,5338.0,5.0,1147.0,449.0,0,166.0,123.0,0,0,469.0,0,542.0,174.0,1.0,4.0,1081.0,2361.0,0.0,1424.0,0.0,380.0,0.0,2251.0,1848.0,709.0,2402.0,80.0,964.0,547.0,2138.0,83.0,972.0,0.0,3197.0,358.0,717.0,52.0,1293.0,354.0,35910.0,1605.0,108.0,4593.0,1339.0,406.0,536.0,31.0,249.0,48.0,360.0,16.0,1.0,25.0,441.0
14,89.0,919.0,1449.0,6.0,79.0,1337.0,503.0,452.0,781.0,292.0,338.0,4621.0,37.0,3629.0,180.0,369.0,1.0,116.0,3846.0,116.0,5.0,161.0,156.0,48.0,16.0,1590.0,199.0,52.0,2485.0,1442.0,19.0,1166.0,0.0,2013.0,1251.0,8.0,11.0,79.0,78.0,75.0,6.0,1.0,0.0,455.0,11.0,91.0,30.0,368.0,0.0,33.0,49.0,33.0,1139.0,135.0,0.0,0.0,0.0,113.0,159.0,63.0,258.0,132.0,260.0,114.0,214.0,32.0,287.0,5.0,14.0,1.0,100.0,11.0,6.0,0.0,4.0,29.0,3.0,103.0,949.0,2.0,288.0,95.0,0,40.0,24.0,0,0,54.0,0,70.0,35.0,0.0,0.0,267.0,665.0,0.0,292.0,0.0,136.0,0.0,344.0,706.0,688.0,1237.0,249.0,787.0,496.0,1769.0,107.0,302.0,1.0,1061.0,143.0,399.0,26.0,473.0,171.0,38144.0,1365.0,43.0,3698.0,1317.0,637.0,483.0,9.0,4.0,5.0,91.0,6.0,1.0,11.0,260.0
15,16.0,3.0,3373.0,1.0,0.0,0.0,1.0,0.0,0.0,1.0,1.0,2.0,5.0,3.0,359.0,545.0,0.0,1.0,0.0,160.0,18.0,11.0,104.0,21.0,7.0,2131.0,254.0,91.0,3479.0,5776.0,12.0,4116.0,2968.0,0.0,0.0,0.0,0.0,2.0,4.0,1.0,0.0,0.0,0.0,4.0,0.0,0.0,0.0,0.0,0.0,0.0,0.0,0.0,1.0,0.0,0.0,0.0,0.0,0.0,2.0,133.0,416.0,845.0,1348.0,373.0,708.0,83.0,475.0,58.0,53.0,22.0,572.0,67.0,48.0,0.0,45.0,32.0,18.0,155.0,458.0,19.0,427.0,336.0,0,31.0,16.0,0,0,147.0,0,302.0,98.0,1.0,2.0,351.0,810.0,0.0,283.0,0.0,58.0,0.0,577.0,935.0,0.0,0.0,0.0,0.0,0.0,0.0,253.0,346.0,2.0,2881.0,233.0,1142.0,190.0,871.0,533.0,29839.0,1865.0,90.0,1.0,0.0,0.0,0.0,18.0,92.0,21.0,173.0,11.0,3.0,4.0,659.0
832,338.0,406.0,100.0,5183.0,85.0,2179.0,5524.0,2803.0,13288.0,5106.0,5713.0,13182.0,282.0,5889.0,98.0,85.0,408.0,3097.0,4137.0,38.0,42.0,2072.0,200.0,180.0,42.0,71.0,138.0,48.0,173.0,459.0,63.0,701.0,1229.0,0.0,0.0,79.0,281.0,1639.0,1267.0,1797.0,152.0,60.0,0.0,4012.0,2258.0,1311.0,690.0,5514.0,0.0,232.0,750.0,3942.0,6624.0,3319.0,0.0,0.0,0.0,2845.0,3519.0,6.0,29.0,28.0,117.0,55.0,95.0,4.0,19.0,1.0,4.0,3.0,37.0,7.0,2.0,0.0,4.0,1.0,1.0,8.0,15.0,0.0,16.0,9.0,0,0.0,0.0,0,0,2.0,0,11.0,4.0,0.0,1.0,17.0,20.0,0.0,8.0,0.0,3.0,0.0,20.0,29.0,842.0,1422.0,93.0,571.0,377.0,488.0,46.0,192.0,1.0,550.0,32.0,197.0,26.0,76.0,70.0,1215.0,251.0,8.0,2593.0,1429.0,1820.0,687.0,6.0,5.0,4.0,12.0,0.0,0.0,2.0,12.0
133,722.0,0.0,24.0,6.0,1.0,3.0,5067.0,19.0,77.0,3197.0,93.0,66.0,512.0,14.0,58.0,21.0,1.0,148.0,10.0,31.0,34.0,1808.0,135.0,176.0,41.0,11.0,77.0,72.0,3.0,5.0,88.0,4.0,1.0,0.0,28.0,0.0,857571.0,194930.0,162471.0,351957.0,766688.0,784026.0,79237.0,315667.0,28.0,26.0,4.0,26.0,0.0,5.0,2.0,37.0,178.0,18.0,0.0,0.0,0.0,29.0,23.0,2.0,1.0,3.0,5.0,0.0,9.0,0.0,2.0,0.0,0.0,1.0,6.0,0.0,1.0,0.0,0.0,0.0,0.0,2.0,4.0,0.0,3.0,9.0,0,4.0,1.0,0,0,3.0,0,6.0,2.0,0.0,0.0,12.0,24.0,0.0,2.0,0.0,2.0,0.0,24.0,15.0,4.0,9.0,1.0,4.0,1.0,9.0,0.0,0.0,0.0,1.0,0.0,0.0,0.0,1.0,0.0,6.0,3.0,0.0,24.0,18.0,1.0,0.0,9.0,10.0,3.0,6.0,0.0,0.0,0.0,1.0
51,63.0,9.0,26.0,182.0,1.0,28.0,1332.0,132.0,211.0,1058.0,734.0,843.0,45.0,185.0,37.0,14.0,8.0,229.0,179.0,19.0,17.0,400.0,226.0,205.0,20.0,8.0,92.0,36.0,2.0,4.0,27.0,26.0,15.0,0.0,243.0,829327.0,0.0,34211.0,34881.0,60574.0,21255.0,18460.0,0.0,9180.0,73.0,107.0,18.0,376.0,0.0,31.0,33.0,33.0,490.0,254.0,0.0,0.0,0.0,183.0,110.0,0.0,1.0,14.0,18.0,1.0,17.0,2.0,6.0,0.0,1.0,0.0,35.0,0.0,1.0,0.0,3.0,1.0,0.0,2.0,4.0,0.0,10.0,14.0,0,1.0,3.0,0,0,5.0,0,13.0,3.0,0.0,0.0,7.0,27.0,0.0,11.0,0.0,1.0,0.0,28.0,21.0,26.0,317.0,1.0,17.0,44.0,9.0,0.0,5.0,0.0,3.0,2.0,17.0,0.0,6.0,9.0,34.0,14.0,3.0,199.0,18.0,24.0,46.0,6.0,4.0,5.0,12.0,0.0,2.0,5.0,3.0
54,2906.0,127.0,543.0,692.0,10.0,279.0,4821.0,894.0,2014.0,1930.0,2309.0,1781.0,1123.0,1479.0,1237.0,531.0,94.0,3744.0,872.0,229.0,389.0,674.0,5844.0,10878.0,701.0,256.0,1635.0,382.0,62.0,94.0,482.0,274.0,129.0,2.0,1966.0,268623.0,37533.0,0.0,6735.0,61845.0,29154.0,6113.0,0.0,9751.0,4496.0,115.0,45.0,2158.0,0.0,35.0,33.0,3776.0,119.0,3545.0,0.0,0.0,0.0,286.0,457.0,16.0,49.0,75.0,223.0,72.0,196.0,30.0,89.0,8.0,8.0,3.0,209.0,1.0,3.0,0.0,46.0,13.0,1.0,20.0,24.0,0.0,258.0,45.0,0,10.0,0.0,0,0,111.0,0,83.0,38.0,0.0,2.0,157.0,453.0,0.0,101.0,0.0,20.0,0.0,220.0,524.0,235.0,909.0,15.0,299.0,101.0,62.0,12.0,54.0,0.0,50.0,22.0,95.0,4.0,61.0,12.0,663.0,110.0,9.0,507.0,233.0,247.0,82.0,38.0,23.0,122.0,262.0,4.0,7.0,121.0,25.0
53,1867.0,34.0,268.0,263.0,8.0,207.0,1801.0,626.0,1368.0,818.0,1432.0,1405.0,890.0,725.0,702.0,267.0,82.0,2234.0,532.0,141.0,308.0,686.0,4170.0,5404.0,675.0,161.0,1142.0,268.0,30.0,63.0,407.0,105.0,93.0,2.0,1107.0,190990.0,35459.0,5053.0,0.0,40194.0,24716.0,13323.0,0.0,14821.0,2459.0,124.0,41.0,1280.0,0.0,35.0,55.0,1588.0,413.0,1588.0,0.0,0.0,0.0,223.0,307.0,7.0,22.0,57.0,176.0,37.0,129.0,17.0,66.0,18.0,2.0,1.0,40.0,1.0,1.0,0.0,6.0,2.0,1.0,8.0,6.0,0.0,145.0,26.0,0,5.0,5.0,0,0,31.0,0,58.0,16.0,0.0,0.0,80.0,198.0,0.0,25.0,0.0,11.0,0.0,90.0,174.0,194.0,526.0,29.0,109.0,63.0,26.0,15.0,36.0,0.0,50.0,14.0,48.0,0.0,6.0,6.0,183.0,66.0,3.0,360.0,163.0,92.0,80.0,23.0,15.0,74.0,157.0,12.0,1.0,27.0,19.0
52,202.0,33.0,36.0,371.0,53.0,152.0,552.0,568.0,1166.0,1442.0,1972.0,2028.0,127.0,734.0,68.0,25.0,42.0,1922.0,470.0,24.0,139.0,1207.0,432.0,592.0,57.0,33.0,120.0,61.0,12.0,15.0,64.0,82.0,53.0,1.0,1590.0,485339.0,76503.0,53532.0,36976.0,0.0,79183.0,20532.0,0.0,29759.0,1085.0,267.0,130.0,1826.0,0.0,76.0,48.0,866.0,1089.0,1908.0,0.0,0.0,0.0,349.0,375.0,6.0,6.0,12.0,40.0,8.0,29.0,1.0,6.0,0.0,1.0,0.0,23.0,1.0,0.0,0.0,2.0,8.0,1.0,1.0,1.0,1.0,18.0,8.0,0,4.0,2.0,0,0,5.0,0,23.0,2.0,1.0,0.0,12.0,35.0,0.0,11.0,0.0,7.0,0.0,19.0,60.0,148.0,807.0,12.0,180.0,94.0,30.0,3.0,21.0,0.0,34.0,5.0,23.0,1.0,37.0,23.0,90.0,66.0,6.0,618.0,131.0,217.0,93.0,9.0,7.0,4.0,21.0,0.0,0.0,6.0,8.0
50,80.0,10.0,23.0,122.0,0.0,26.0,410.0,134.0,229.0,355.0,291.0,767.0,72.0,103.0,57.0,24.0,11.0,224.0,56.0,13.0,30.0,382.0,227.0,218.0,20.0,14.0,70.0,45.0,7.0,16.0,19.0,19.0,11.0,0.0,125.0,725977.0,16128.0,23592.0,23376.0,60639.0,0.0,7594.0,0.0,17359.0,29.0,133.0,54.0,156.0,0.0,18.0,22.0,22.0,660.0,37.0,0.0,0.0,0.0,157.0,105.0,1.0,2.0,7.0,21.0,4.0,12.0,1.0,1.0,0.0,0.0,0.0,12.0,0.0,0.0,0.0,2.0,2.0,0.0,2.0,2.0,0.0,9.0,9.0,0,1.0,0.0,0,0,8.0,0,16.0,8.0,0.0,0.0,9.0,61.0,0.0,4.0,0.0,1.0,0.0,17.0,17.0,51.0,132.0,3.0,16.0,13.0,7.0,0.0,4.0,0.0,1.0,2.0,4.0,0.0,2.0,1.0,23.0,9.0,0.0,796.0,31.0,8.0,21.0,3.0,2.0,9.0,10.0,1.0,0.0,12.0,5.0
49,13.0,1.0,8.0,11.0,0.0,2.0,86.0,20.0,29.0,39.0,34.0,60.0,10.0,6.0,8.0,1.0,2.0,61.0,4.0,1.0,1.0,83.0,35.0,12.0,2.0,3.0,18.0,4.0,3.0,1.0,3.0,1.0,0.0,0.0,24.0,852665.0,12697.0,2844.0,6184.0,10475.0,5166.0,0.0,0.0,5032.0,2.0,15.0,6.0,18.0,0.0,5.0,1.0,0.0,124.0,1.0,0.0,0.0,0.0,26.0,20.0,1.0,0.0,1.0,0.0,1.0,0.0,0.0,1.0,0.0,0.0,0.0,1.0,0.0,0.0,0.0,0.0,1.0,0.0,0.0,0.0,0.0,0.0,0.0,0,0.0,0.0,0,0,1.0,0,0.0,1.0,0.0,0.0,0.0,2.0,0.0,0.0,0.0,1.0,0.0,2.0,2.0,4.0,4.0,0.0,2.0,2.0,7.0,0.0,0.0,0.0,1.0,0.0,1.0,0.0,0.0,0.0,2.0,1.0,0.0,29.0,8.0,4.0,3.0,0.0,1.0,2.0,0.0,0.0,0.0,0.0,0.0
48,27.0,1.0,2.0,7.0,0.0,2.0,167.0,12.0,27.0,103.0,9.0,23.0,19.0,8.0,7.0,0.0,1.0,30.0,11.0,4.0,1.0,156.0,8.0,11.0,1.0,1.0,6.0,4.0,0.0,2.0,7.0,0.0,0.0,1.0,74.0,84577.0,18077.0,5088.0,49355.0,64934.0,15735.0,13801.0,0.0,17084.0,6.0,10.0,3.0,7.0,0.0,0.0,1.0,1.0,41.0,4.0,0.0,0.0,0.0,8.0,11.0,0.0,1.0,0.0,1.0,0.0,3.0,0.0,1.0,0.0,0.0,0.0,1.0,0.0,0.0,0.0,0.0,0.0,0.0,0.0,0.0,0.0,0.0,0.0,0,0.0,1.0,0,0,1.0,0,0.0,0.0,0.0,0.0,2.0,2.0,0.0,0.0,0.0,0.0,0.0,1.0,0.0,3.0,5.0,0.0,1.0,1.0,8.0,0.0,0.0,0.0,0.0,0.0,0.0,0.0,0.0,1.0,2.0,0.0,0.0,9.0,13.0,2.0,0.0,1.0,0.0,0.0,2.0,0.0,0.0,0.0,0.0
55,962.0,190.0,524.0,743.0,13.0,327.0,1265.0,781.0,1671.0,1682.0,1704.0,1219.0,597.0,2389.0,950.0,395.0,133.0,3404.0,1094.0,220.0,246.0,743.0,4959.0,12464.0,591.0,277.0,1639.0,360.0,74.0,173.0,363.0,285.0,269.0,3.0,2225.0,182230.0,4834.0,5948.0,8206.0,16955.0,9442.0,4250.0,0.0,0.0,4929.0,21.0,7.0,1850.0,0.0,3.0,14.0,6397.0,13.0,3159.0,0.0,0.0,0.0,170.0,176.0,14.0,59.0,96.0,292.0,101.0,337.0,47.0,122.0,0.0,64.0,2.0,1916.0,11.0,11.0,0.0,128.0,9.0,3.0,15.0,26.0,4.0,181.0,78.0,0,14.0,10.0,0,0,128.0,0,109.0,58.0,0.0,0.0,155.0,584.0,0.0,105.0,0.0,23.0,0.0,248.0,533.0,221.0,4160.0,22.0,333.0,122.0,83.0,16.0,75.0,0.0,62.0,10.0,45.0,3.0,95.0,15.0,1303.0,105.0,8.0,254.0,311.0,194.0,30.0,76.0,44.0,119.0,255.0,20.0,9.0,156.0,38.0
102,493.0,24.0,2.0,93.0,14.0,37.0,10439.0,2763.0,6238.0,14247.0,39833.0,1938.0,379.0,117.0,10.0,5.0,20.0,12516.0,140.0,1.0,6.0,2150.0,24.0,19.0,9.0,3.0,11.0,11.0,1.0,7.0,40.0,21.0,24.0,0.0,1338.0,29.0,121.0,3860.0,3010.0,1660.0,31.0,17.0,0.0,10301.0,0.0,14936.0,16604.0,4.0,0.0,3987.0,7540.0,676711.0,115629.0,2.0,137399.0,99402.0,0.0,31421.0,74400.0,0.0,0.0,3.0,4.0,0.0,2.0,0.0,1.0,0.0,0.0,1.0,2.0,0.0,0.0,0.0,0.0,0.0,1.0,1.0,1.0,0.0,2.0,4.0,0,2.0,2.0,0,0,1.0,0,1.0,0.0,0.0,0.0,4.0,4.0,0.0,0.0,0.0,1.0,0.0,3.0,3.0,143.0,134.0,17.0,16.0,21.0,35.0,3.0,3.0,0.0,10.0,0.0,11.0,0.0,3.0,4.0,31.0,7.0,0.0,310.0,41.0,87.0,28.0,3.0,1.0,2.0,0.0,0.0,0.0,0.0,2.0
67,77.0,51.0,24.0,628.0,12.0,164.0,788.0,458.0,1514.0,872.0,2294.0,783.0,105.0,803.0,51.0,23.0,71.0,847.0,595.0,9.0,13.0,334.0,124.0,91.0,19.0,4.0,48.0,14.0,20.0,78.0,32.0,197.0,95.0,0.0,1378.0,43.0,129.0,122.0,167.0,370.0,129.0,13.0,0.0,21.0,17923.0,0.0,0.0,27868.0,7682.0,0.0,2.0,62743.0,4.0,11248.0,0.0,0.0,6976.0,1.0,0.0,0.0,2.0,8.0,15.0,3.0,35.0,1.0,2.0,0.0,1.0,0.0,18.0,2.0,0.0,0.0,0.0,1.0,1.0,1.0,2.0,0.0,11.0,3.0,0,0.0,0.0,0,0,6.0,0,2.0,4.0,1.0,0.0,6.0,30.0,0.0,5.0,0.0,0.0,0.0,5.0,6.0,89.0,235.0,7.0,197.0,61.0,29.0,4.0,28.0,0.0,31.0,13.0,30.0,2.0,15.0,13.0,162.0,79.0,2.0,87.0,137.0,80.0,15.0,0.0,2.0,3.0,9.0,1.0,0.0,0.0,4.0
66,51.0,31.0,5.0,63.0,0.0,34.0,249.0,137.0,650.0,194.0,2520.0,171.0,33.0,206.0,12.0,3.0,26.0,400.0,157.0,3.0,4.0,76.0,23.0,21.0,6.0,6.0,9.0,7.0,2.0,84.0,11.0,23.0,32.0,0.0,462.0,14.0,10.0,36.0,35.0,72.0,39.0,3.0,0.0,21.0,15633.0,0.0,0.0,12440.0,1526.0,0.0,1.0,23978.0,0.0,9910.0,0.0,0.0,6665.0,0.0,0.0,2.0,0.0,1.0,2.0,2.0,1.0,0.0,2.0,0.0,0.0,0.0,2.0,0.0,0.0,0.0,1.0,0.0,1.0,0.0,0.0,0.0,3.0,0.0,0,0.0,0.0,0,0,0.0,0,10.0,1.0,0.0,0.0,0.0,5.0,0.0,0.0,0.0,0.0,0.0,6.0,4.0,44.0,80.0,8.0,22.0,22.0,5.0,1.0,5.0,0.0,14.0,3.0,13.0,0.0,2.0,2.0,17.0,18.0,1.0,23.0,17.0,35.0,2.0,0.0,1.0,1.0,3.0,0.0,0.0,2.0,1.0
60,622.0,109.0,102.0,732.0,7.0,417.0,4872.0,5198.0,6015.0,9016.0,2728.0,13126.0,496.0,1148.0,80.0,51.0,148.0,2464.0,835.0,38.0,36.0,3832.0,240.0,117.0,102.0,26.0,127.0,104.0,30.0,122.0,90.0,428.0,276.0,1.0,3815.0,51.0,404.0,2094.0,1687.0,2402.0,212.0,21.0,0.0,3775.0,2.0,25211.0,16285.0,0.0,0.0,10366.0,53612.0,8.0,37403.0,7.0,0.0,0.0,0.0,70815.0,30574.0,2.0,6.0,20.0,80.0,26.0,78.0,25.0,8.0,1.0,6.0,0.0,27.0,5.0,6.0,0.0,1.0,0.0,1.0,4.0,2.0,1.0,8.0,7.0,0,1.0,1.0,0,0,18.0,0,61.0,8.0,0.0,1.0,39.0,48.0,0.0,2.0,0.0,2.0,0.0,26.0,32.0,187.0,676.0,21.0,269.0,97.0,44.0,50.0,44.0,2.0,72.0,14.0,64.0,3.0,32.0,84.0,299.0,307.0,6.0,1057.0,178.0,329.0,123.0,13.0,9.0,15.0,24.0,3.0,0.0,0.0,1.0
64,0.0,0.0,0.0,0.0,0.0,0.0,0.0,0.0,0.0,0.0,0.0,0.0,0.0,0.0,0.0,0.0,0.0,0.0,0.0,0.0,0.0,0.0,0.0,0.0,0.0,0.0,0.0,0.0,0.0,0.0,0.0,0.0,0.0,0.0,0.0,0.0,0.0,0.0,0.0,0.0,0.0,0.0,0.0,0.0,0.0,4108.0,1043.0,0.0,0.0,1742.0,407.0,0.0,18976.0,0.0,0.0,0.0,0.0,0.0,0.0,0.0,0.0,0.0,0.0,0.0,0.0,0.0,0.0,0.0,0.0,0.0,0.0,0.0,0.0,0.0,0.0,0.0,0.0,0.0,0.0,0.0,0.0,0.0,0,0.0,0.0,0,0,0.0,0,0.0,0.0,0.0,0.0,0.0,0.0,0.0,0.0,0.0,0.0,0.0,0.0,0.0,0.0,0.0,0.0,0.0,0.0,0.0,0.0,0.0,0.0,0.0,0.0,0.0,0.0,0.0,0.0,0.0,0.0,0.0,0.0,0.0,0.0,0.0,0.0,0.0,0.0,0.0,0.0,0.0,0.0,0.0
941,22.0,4.0,6.0,100.0,1.0,17.0,151.0,132.0,375.0,179.0,1910.0,165.0,16.0,168.0,27.0,3.0,18.0,133.0,94.0,2.0,3.0,100.0,32.0,10.0,3.0,3.0,4.0,6.0,3.0,21.0,4.0,13.0,39.0,0.0,181.0,15.0,14.0,42.0,32.0,133.0,18.0,9.0,0.0,21.0,3825.0,2.0,0.0,9463.0,2084.0,0.0,0.0,7427.0,1931.0,3447.0,0.0,0.0,1434.0,0.0,0.0,0.0,1.0,0.0,5.0,0.0,5.0,0.0,0.0,0.0,0.0,0.0,4.0,0.0,0.0,0.0,0.0,0.0,0.0,0.0,2.0,0.0,0.0,0.0,0,0.0,0.0,0,0,2.0,0,1.0,1.0,0.0,0.0,1.0,5.0,0.0,3.0,0.0,0.0,0.0,2.0,2.0,24.0,56.0,3.0,31.0,34.0,6.0,1.0,12.0,0.0,7.0,1.0,3.0,0.0,3.0,2.0,69.0,14.0,0.0,28.0,30.0,19.0,3.0,1.0,2.0,0.0,0.0,0.0,0.0,0.0,1.0
65,28.0,8.0,8.0,92.0,1.0,69.0,163.0,280.0,666.0,249.0,5564.0,267.0,36.0,141.0,12.0,6.0,14.0,555.0,97.0,3.0,2.0,96.0,35.0,25.0,11.0,4.0,11.0,6.0,3.0,21.0,21.0,31.0,34.0,0.0,762.0,6.0,40.0,40.0,46.0,64.0,9.0,0.0,0.0,12.0,7675.0,0.0,0.0,43895.0,787.0,0.0,0.0,14046.0,0.0,6195.0,0.0,0.0,2429.0,0.0,1.0,0.0,1.0,7.0,3.0,4.0,5.0,1.0,0.0,0.0,0.0,0.0,0.0,0.0,0.0,0.0,0.0,0.0,0.0,0.0,0.0,0.0,0.0,0.0,0,0.0,0.0,0,0,2.0,0,2.0,1.0,0.0,0.0,0.0,4.0,0.0,1.0,0.0,0.0,0.0,2.0,0.0,34.0,52.0,13.0,23.0,13.0,3.0,1.0,5.0,0.0,19.0,2.0,7.0,0.0,5.0,7.0,31.0,9.0,1.0,37.0,45.0,36.0,8.0,0.0,0.0,3.0,3.0,0.0,0.0,1.0,3.0
56,339.0,29.0,9.0,103.0,6.0,91.0,8813.0,6905.0,19601.0,22706.0,50541.0,3226.0,203.0,150.0,16.0,14.0,46.0,17362.0,211.0,4.0,7.0,1354.0,30.0,39.0,20.0,3.0,12.0,14.0,3.0,21.0,26.0,36.0,38.0,0.0,2170.0,59.0,77.0,3085.0,2203.0,1439.0,32.0,8.0,0.0,10687.0,45.0,53434.0,28469.0,22.0,0.0,7573.0,13632.0,0.0,233316.0,9.0,487478.0,331822.0,0.0,118304.0,96535.0,0.0,3.0,3.0,7.0,1.0,3.0,2.0,1.0,0.0,0.0,0.0,2.0,1.0,0.0,0.0,1.0,0.0,0.0,0.0,1.0,0.0,1.0,2.0,0,0.0,2.0,0,0,4.0,0,1.0,2.0,0.0,0.0,29.0,4.0,0.0,2.0,0.0,0.0,0.0,1.0,4.0,87.0,119.0,12.0,22.0,26.0,8.0,0.0,10.0,0.0,15.0,2.0,12.0,2.0,1.0,2.0,25.0,27.0,0.0,472.0,81.0,124.0,131.0,0.0,0.0,2.0,5.0,0.0,0.0,0.0,1.0
942,327.0,589.0,298.0,2349.0,58.0,1256.0,3729.0,2500.0,7005.0,4461.0,5335.0,3692.0,367.0,8329.0,432.0,168.0,1096.0,3034.0,3380.0,86.0,105.0,1526.0,819.0,694.0,87.0,118.0,473.0,148.0,159.0,622.0,133.0,1118.0,1214.0,0.0,6367.0,552.0,594.0,137.0,535.0,1205.0,703.0,146.0,0.0,34.0,112817.0,3.0,1.0,28741.0,19656.0,10231.0,1.0,252193.0,0.0,32642.0,0.0,0.0,18913.0,0.0,1.0,14.0,31.0,58.0,249.0,70.0,278.0,38.0,37.0,5.0,55.0,1.0,1559.0,14.0,9.0,0.0,70.0,3.0,7.0,12.0,11.0,1.0,48.0,21.0,0,3.0,2.0,0,0,36.0,0,22.0,15.0,3.0,2.0,72.0,259.0,0.0,65.0,0.0,17.0,0.0,132.0,182.0,747.0,7771.0,98.0,1045.0,302.0,321.0,36.0,297.0,0.0,267.0,67.0,174.0,17.0,138.0,54.0,3474.0,431.0,41.0,142.0,1194.0,366.0,73.0,43.0,34.0,33.0,93.0,5.0,2.0,4.0,30.0
58,470.0,70.0,18.0,408.0,15.0,183.0,5505.0,4039.0,14515.0,5318.0,13562.0,7362.0,228.0,796.0,20.0,11.0,94.0,5806.0,637.0,7.0,7.0,2364.0,42.0,36.0,14.0,14.0,27.0,10.0,15.0,101.0,24.0,141.0,130.0,0.0,2898.0,14.0,330.0,2645.0,1855.0,1969.0,65.0,6.0,0.0,5600.0,6.0,9310.0,11572.0,3.0,0.0,3500.0,6248.0,4.0,31895.0,0.0,12862.0,0.0,0.0,59214.0,39777.0,1.0,2.0,16.0,25.0,11.0,18.0,5.0,4.0,0.0,1.0,0.0,6.0,3.0,0.0,0.0,1.0,0.0,1.0,0.0,1.0,0.0,7.0,0.0,0,0.0,1.0,0,0,2.0,0,2.0,0.0,0.0,0.0,4.0,13.0,0.0,2.0,0.0,0.0,0.0,5.0,7.0,106.0,505.0,10.0,104.0,195.0,25.0,2.0,23.0,0.0,34.0,3.0,20.0,1.0,41.0,17.0,169.0,108.0,1.0,957.0,107.0,297.0,94.0,3.0,3.0,1.0,6.0,0.0,0.0,1.0,16.0
59,0.0,0.0,0.0,0.0,0.0,0.0,0.0,0.0,0.0,0.0,0.0,0.0,0.0,0.0,0.0,0.0,0.0,0.0,0.0,0.0,0.0,0.0,0.0,0.0,0.0,0.0,0.0,0.0,0.0,0.0,0.0,0.0,0.0,0.0,0.0,0.0,0.0,0.0,0.0,0.0,0.0,0.0,0.0,0.0,136487.0,0.0,0.0,0.0,0.0,0.0,0.0,477443.0,0.0,4851.0,0.0,0.0,0.0,0.0,0.0,0.0,0.0,0.0,0.0,0.0,0.0,0.0,0.0,0.0,0.0,0.0,0.0,0.0,0.0,0.0,0.0,0.0,0.0,0.0,0.0,0.0,0.0,0.0,0,0.0,0.0,0,0,0.0,0,0.0,0.0,0.0,0.0,0.0,0.0,0.0,0.0,0.0,0.0,0.0,0.0,0.0,0.0,0.0,0.0,0.0,0.0,0.0,0.0,0.0,0.0,0.0,0.0,0.0,0.0,0.0,0.0,0.0,0.0,0.0,0.0,0.0,0.0,0.0,0.0,0.0,0.0,0.0,0.0,0.0,0.0,0.0
57,0.0,0.0,0.0,0.0,0.0,0.0,0.0,0.0,0.0,0.0,0.0,0.0,0.0,0.0,0.0,0.0,0.0,0.0,0.0,0.0,0.0,0.0,0.0,0.0,0.0,0.0,0.0,0.0,0.0,0.0,0.0,0.0,0.0,0.0,0.0,0.0,0.0,0.0,0.0,0.0,0.0,0.0,0.0,0.0,94417.0,0.0,0.0,0.0,0.0,0.0,0.0,314201.0,0.0,0.0,0.0,0.0,0.0,0.0,0.0,0.0,0.0,0.0,0.0,0.0,0.0,0.0,0.0,0.0,0.0,0.0,0.0,0.0,0.0,0.0,0.0,0.0,0.0,0.0,0.0,0.0,0.0,0.0,0,0.0,0.0,0,0,0.0,0,0.0,0.0,0.0,0.0,0.0,0.0,0.0,0.0,0.0,0.0,0.0,0.0,0.0,0.0,0.0,0.0,0.0,0.0,0.0,0.0,0.0,0.0,0.0,0.0,0.0,0.0,0.0,0.0,0.0,0.0,0.0,0.0,0.0,0.0,0.0,0.0,0.0,0.0,0.0,0.0,0.0,0.0,0.0
62,0.0,0.0,0.0,0.0,0.0,0.0,0.0,0.0,0.0,0.0,0.0,0.0,0.0,0.0,0.0,0.0,0.0,0.0,0.0,0.0,0.0,0.0,0.0,0.0,0.0,0.0,0.0,0.0,0.0,0.0,0.0,0.0,0.0,0.0,0.0,0.0,0.0,0.0,0.0,0.0,0.0,0.0,0.0,0.0,0.0,5720.0,7399.0,0.0,0.0,1674.0,2448.0,0.0,21371.0,0.0,0.0,0.0,0.0,2262.0,0.0,0.0,0.0,0.0,0.0,0.0,0.0,0.0,0.0,0.0,0.0,0.0,0.0,0.0,0.0,0.0,0.0,0.0,0.0,0.0,0.0,0.0,0.0,0.0,0,0.0,0.0,0,0,0.0,0,0.0,0.0,0.0,0.0,0.0,0.0,0.0,0.0,0.0,0.0,0.0,0.0,0.0,0.0,0.0,0.0,0.0,0.0,0.0,0.0,0.0,0.0,0.0,0.0,0.0,0.0,0.0,0.0,0.0,0.0,0.0,0.0,0.0,0.0,0.0,0.0,0.0,0.0,0.0,0.0,0.0,0.0,0.0
63,171.0,63.0,30.0,605.0,9.0,371.0,1703.0,803.0,4817.0,1672.0,7555.0,1280.0,157.0,940.0,53.0,16.0,85.0,1464.0,603.0,12.0,11.0,448.0,183.0,129.0,44.0,15.0,54.0,23.0,46.0,93.0,78.0,178.0,109.0,0.0,2499.0,41.0,191.0,251.0,301.0,448.0,161.0,24.0,0.0,202.0,33419.0,0.0,0.0,62305.0,0.0,0.0,0.0,116578.0,1.0,60202.0,0.0,0.0,3186.0,0.0,2.0,2.0,3.0,14.0,18.0,10.0,23.0,0.0,3.0,0.0,1.0,0.0,21.0,3.0,1.0,0.0,1.0,0.0,0.0,5.0,3.0,0.0,6.0,5.0,0,1.0,0.0,0,0,7.0,0,7.0,6.0,0.0,0.0,11.0,25.0,0.0,2.0,0.0,1.0,0.0,36.0,28.0,158.0,257.0,29.0,147.0,91.0,19.0,6.0,39.0,0.0,63.0,17.0,46.0,1.0,21.0,17.0,232.0,65.0,2.0,279.0,298.0,121.0,26.0,6.0,1.0,6.0,16.0,1.0,1.0,0.0,3.0
61,143.0,124.0,41.0,844.0,29.0,917.0,1212.0,3856.0,6801.0,2054.0,1323.0,5430.0,156.0,1346.0,87.0,25.0,128.0,658.0,1186.0,20.0,17.0,488.0,132.0,112.0,42.0,34.0,127.0,43.0,79.0,155.0,178.0,250.0,152.0,0.0,3115.0,46.0,86.0,421.0,364.0,369.0,105.0,31.0,0.0,420.0,70968.0,0.0,0.0,20769.0,0.0,1.0,0.0,90662.0,0.0,34974.0,0.0,0.0,0.0,3.0,0.0,1.0,8.0,12.0,52.0,18.0,38.0,6.0,6.0,1.0,3.0,0.0,21.0,1.0,4.0,0.0,1.0,0.0,2.0,3.0,0.0,0.0,26.0,3.0,0,0.0,0.0,0,0,8.0,0,21.0,5.0,0.0,0.0,18.0,21.0,0.0,2.0,0.0,1.0,0.0,22.0,32.0,337.0,462.0,35.0,286.0,118.0,52.0,54.0,134.0,0.0,95.0,21.0,73.0,5.0,20.0,20.0,277.0,151.0,6.0,522.0,346.0,262.0,74.0,2.0,0.0,13.0,10.0,1.0,1.0,0.0,6.0
919,37.0,39.0,455.0,0.0,2.0,13.0,1.0,3.0,6.0,6.0,2.0,50.0,17.0,162.0,108.0,127.0,0.0,3.0,118.0,76.0,5.0,49.0,101.0,32.0,8.0,293.0,67.0,30.0,66.0,69.0,9.0,266.0,74.0,160.0,5.0,0.0,1.0,11.0,5.0,13.0,0.0,0.0,0.0,17.0,0.0,1.0,0.0,1.0,0.0,0.0,1.0,0.0,10.0,1.0,0.0,0.0,0.0,1.0,2.0,0.0,5.0,2119.0,5670.0,1874.0,2752.0,395.0,526.0,131.0,99.0,25.0,600.0,71.0,54.0,0.0,84.0,1162.0,36.0,1066.0,33587.0,52.0,216.0,24.0,0,36.0,15.0,0,0,23.0,0,34.0,5.0,0.0,0.0,53.0,111.0,0.0,291.0,0.0,103.0,0.0,123.0,152.0,10.0,27.0,2.0,11.0,7.0,13.0,2.0,23.0,0.0,69.0,6.0,10.0,0.0,13.0,17.0,90.0,15.0,1.0,42.0,5.0,15.0,7.0,3.0,5.0,0.0,31.0,131.0,58.0,877.0,1809.0
918,60.0,137.0,1012.0,0.0,4.0,36.0,13.0,5.0,12.0,12.0,8.0,148.0,65.0,362.0,236.0,295.0,0.0,10.0,290.0,120.0,12.0,106.0,217.0,102.0,26.0,783.0,285.0,94.0,147.0,220.0,26.0,582.0,194.0,426.0,21.0,1.0,3.0,32.0,26.0,43.0,0.0,0.0,0.0,155.0,1.0,2.0,0.0,7.0,0.0,0.0,0.0,0.0,17.0,4.0,0.0,0.0,0.0,3.0,8.0,707.0,0.0,2035.0,8111.0,1022.0,3029.0,308.0,1441.0,91.0,124.0,44.0,622.0,72.0,51.0,0.0,63.0,1740.0,48.0,3903.0,49919.0,61.0,387.0,45.0,0,78.0,63.0,0,0,51.0,0,43.0,18.0,0.0,0.0,141.0,190.0,0.0,562.0,0.0,226.0,0.0,201.0,256.0,43.0,75.0,10.0,34.0,29.0,23.0,6.0,43.0,0.0,285.0,15.0,45.0,0.0,37.0,14.0,153.0,57.0,2.0,119.0,35.0,29.0,9.0,4.0,12.0,6.0,67.0,376.0,117.0,1941.0,7548.0
920,180.0,183.0,2797.0,0.0,5.0,31.0,25.0,16.0,23.0,12.0,19.0,262.0,105.0,685.0,396.0,353.0,0.0,18.0,626.0,291.0,21.0,289.0,766.0,235.0,47.0,916.0,607.0,225.0,233.0,204.0,42.0,416.0,130.0,873.0,31.0,4.0,1.0,58.0,63.0,14.0,9.0,0.0,0.0,158.0,0.0,4.0,1.0,22.0,0.0,1.0,1.0,1.0,35.0,4.0,0.0,0.0,0.0,7.0,11.0,5.0,6.0,0.0,31.0,5.0,15.0,3.0,2132.0,1.0,2.0,48.0,2.0,2.0,1.0,0.0,1.0,3104.0,0.0,9150.0,136536.0,0.0,1864.0,47.0,0,111.0,64.0,0,0,145.0,0,181.0,51.0,1.0,1.0,196.0,688.0,0.0,1468.0,0.0,553.0,0.0,550.0,416.0,34.0,175.0,9.0,48.0,15.0,125.0,2.0,33.0,0.0,184.0,7.0,40.0,1.0,166.0,8.0,319.0,49.0,5.0,241.0,168.0,11.0,30.0,7.0,28.0,5.0,128.0,1223.0,255.0,5162.0,8405.0
921,434.0,413.0,6807.0,2.0,8.0,154.0,107.0,90.0,153.0,70.0,67.0,706.0,209.0,2251.0,1012.0,706.0,3.0,48.0,1543.0,433.0,95.0,638.0,1717.0,907.0,161.0,2976.0,787.0,377.0,601.0,378.0,199.0,668.0,283.0,1946.0,147.0,5.0,4.0,171.0,184.0,34.0,11.0,3.0,0.0,540.0,1.0,10.0,3.0,78.0,0.0,2.0,4.0,7.0,133.0,27.0,0.0,0.0,0.0,20.0,38.0,10.0,15.0,35.0,0.0,2523.0,10337.0,2972.0,3291.0,244.0,666.0,113.0,4768.0,622.0,550.0,0.0,791.0,7343.0,306.0,7851.0,344654.0,201.0,2945.0,96.0,0,377.0,218.0,0,0,264.0,0,372.0,119.0,2.0,1.0,472.0,2054.0,0.0,4723.0,0.0,1220.0,0.0,1119.0,1268.0,129.0,462.0,16.0,176.0,94.0,238.0,8.0,90.0,0.0,603.0,22.0,78.0,3.0,225.0,33.0,891.0,142.0,6.0,832.0,83.0,85.0,103.0,12.0,32.0,12.0,318.0,2276.0,921.0,9748.0,16718.0
922,95.0,122.0,1335.0,0.0,10.0,54.0,26.0,37.0,95.0,8.0,23.0,232.0,50.0,507.0,408.0,190.0,0.0,10.0,442.0,121.0,12.0,160.0,386.0,161.0,30.0,591.0,449.0,92.0,94.0,124.0,60.0,206.0,105.0,400.0,85.0,2.0,3.0,37.0,30.0,11.0,4.0,1.0,0.0,222.0,2.0,1.0,2.0,21.0,0.0,0.0,4.0,1.0,40.0,8.0,0.0,0.0,0.0,11.0,19.0,2.0,1.0,21.0,2966.0,0.0,2895.0,1332.0,887.0,188.0,141.0,34.0,1027.0,136.0,85.0,0.0,155.0,1735.0,64.0,2119.0,67908.0,44.0,895.0,9.0,0,65.0,41.0,0,0,50.0,0,74.0,14.0,1.0,0.0,95.0,295.0,0.0,892.0,0.0,266.0,0.0,176.0,302.0,73.0,153.0,7.0,40.0,18.0,155.0,13.0,37.0,0.0,191.0,3.0,21.0,0.0,62.0,5.0,263.0,39.0,2.0,421.0,53.0,47.0,41.0,0.0,5.0,4.0,70.0,527.0,172.0,2773.0,4558.0
923,345.0,253.0,3063.0,1.0,8.0,117.0,48.0,68.0,117.0,27.0,68.0,594.0,136.0,1085.0,515.0,623.0,0.0,15.0,951.0,381.0,53.0,413.0,1091.0,427.0,109.0,1675.0,719.0,373.0,387.0,322.0,86.0,530.0,182.0,863.0,84.0,5.0,6.0,89.0,129.0,27.0,10.0,1.0,0.0,531.0,3.0,24.0,7.0,69.0,0.0,5.0,2.0,3.0,109.0,19.0,0.0,0.0,0.0,17.0,21.0,13.0,7.0,17.0,9989.0,4320.0,0.0,1992.0,1700.0,8.0,765.0,102.0,5307.0,2005.0,1196.0,0.0,1383.0,4354.0,2044.0,5128.0,240747.0,695.0,964.0,81.0,0,179.0,109.0,0,0,201.0,0,341.0,139.0,1.0,1.0,352.0,952.0,0.0,2324.0,0.0,745.0,0.0,838.0,791.0,125.0,205.0,30.0,108.0,38.0,146.0,2.0,61.0,0.0,116.0,3.0,10.0,0.0,25.0,5.0,555.0,24.0,3.0,599.0,61.0,37.0,99.0,16.0,60.0,5.0,194.0,955.0,611.0,9936.0,12180.0
924,53.0,58.0,333.0,9.0,7.0,15.0,6.0,9.0,19.0,2.0,9.0,70.0,17.0,180.0,60.0,125.0,0.0,2.0,232.0,55.0,2.0,88.0,102.0,76.0,20.0,245.0,96.0,25.0,68.0,63.0,28.0,84.0,26.0,136.0,4.0,2.0,0.0,23.0,16.0,12.0,1.0,0.0,0.0,57.0,1.0,2.0,0.0,7.0,0.0,0.0,0.0,0.0,23.0,3.0,0.0,0.0,0.0,3.0,2.0,5.0,9.0,9.0,3539.0,1358.0,1859.0,0.0,371.0,1.0,1018.0,14.0,5045.0,4527.0,2883.0,0.0,5126.0,757.0,5325.0,780.0,18211.0,2887.0,94.0,11.0,0,33.0,15.0,0,0,23.0,0,25.0,8.0,0.0,0.0,51.0,99.0,0.0,315.0,0.0,89.0,0.0,104.0,94.0,12.0,26.0,1.0,30.0,4.0,38.0,1.0,9.0,0.0,27.0,0.0,2.0,0.0,3.0,0.0,99.0,2.0,0.0,89.0,3.0,11.0,7.0,9.0,2.0,2.0,29.0,154.0,65.0,848.0,1384.0
917,197.0,153.0,2173.0,1.0,5.0,50.0,30.0,24.0,30.0,15.0,10.0,179.0,93.0,541.0,684.0,735.0,1.0,5.0,406.0,302.0,17.0,271.0,546.0,266.0,60.0,1442.0,724.0,205.0,380.0,227.0,101.0,610.0,260.0,442.0,24.0,5.0,2.0,56.0,65.0,10.0,4.0,1.0,0.0,234.0,0.0,2.0,1.0,5.0,0.0,2.0,1.0,0.0,26.0,3.0,0.0,0.0,0.0,2.0,3.0,385.0,1346.0,1988.0,3373.0,872.0,1903.0,310.0,0.0,68.0,131.0,84.0,963.0,100.0,57.0,0.0,69.0,11370.0,31.0,6536.0,238188.0,14.0,765.0,111.0,0,182.0,127.0,0,0,132.0,0,177.0,43.0,0.0,3.0,331.0,817.0,0.0,2065.0,0.0,682.0,0.0,622.0,604.0,53.0,144.0,8.0,116.0,29.0,30.0,9.0,71.0,0.0,363.0,21.0,42.0,5.0,92.0,45.0,190.0,105.0,4.0,221.0,20.0,19.0,25.0,51.0,36.0,13.0,204.0,495.0,293.0,4867.0,12260.0
946,3.0,6.0,269.0,0.0,0.0,3.0,0.0,7.0,1.0,0.0,0.0,8.0,5.0,16.0,58.0,15.0,0.0,0.0,15.0,7.0,0.0,4.0,16.0,8.0,0.0,45.0,21.0,8.0,5.0,8.0,3.0,6.0,1.0,49.0,1.0,0.0,0.0,3.0,8.0,1.0,0.0,0.0,0.0,8.0,0.0,0.0,0.0,1.0,0.0,0.0,0.0,0.0,2.0,0.0,0.0,0.0,0.0,0.0,0.0,0.0,0.0,0.0,307.0,256.0,10.0,0.0,44.0,0.0,0.0,4.0,1.0,0.0,0.0,0.0,0.0,107.0,0.0,109.0,4856.0,0.0,104.0,3.0,0,2.0,2.0,0,0,2.0,0,7.0,0.0,0.0,0.0,8.0,25.0,0.0,53.0,0.0,11.0,0.0,11.0,20.0,2.0,2.0,1.0,6.0,0.0,2.0,0.0,2.0,0.0,10.0,0.0,0.0,0.0,0.0,0.0,23.0,0.0,0.0,18.0,1.0,1.0,0.0,0.0,0.0,0.0,3.0,25.0,37.0,278.0,215.0
926,15.0,11.0,93.0,0.0,0.0,4.0,1.0,3.0,9.0,1.0,1.0,23.0,3.0,65.0,12.0,5.0,0.0,0.0,37.0,23.0,2.0,36.0,65.0,24.0,6.0,46.0,37.0,8.0,17.0,14.0,3.0,22.0,2.0,57.0,3.0,0.0,1.0,3.0,1.0,2.0,1.0,0.0,0.0,67.0,0.0,0.0,0.0,3.0,0.0,0.0,0.0,0.0,4.0,2.0,0.0,0.0,0.0,0.0,0.0,0.0,0.0,0.0,962.0,243.0,914.0,1617.0,135.0,0.0,0.0,1.0,375.0,323.0,103.0,0.0,372.0,285.0,150.0,167.0,6138.0,737.0,32.0,2.0,0,13.0,8.0,0,0,10.0,0,1.0,3.0,0.0,0.0,4.0,25.0,0.0,61.0,0.0,25.0,0.0,14.0,15.0,2.0,5.0,0.0,5.0,2.0,7.0,0.0,4.0,0.0,7.0,1.0,1.0,0.0,1.0,0.0,27.0,0.0,0.0,9.0,3.0,2.0,4.0,0.0,7.0,2.0,2.0,30.0,9.0,177.0,683.0
939,7.0,21.0,344.0,0.0,0.0,1.0,1.0,0.0,1.0,2.0,4.0,6.0,8.0,88.0,35.0,35.0,0.0,1.0,12.0,12.0,0.0,9.0,42.0,22.0,1.0,221.0,44.0,19.0,32.0,19.0,1.0,16.0,3.0,37.0,1.0,0.0,0.0,2.0,7.0,0.0,0.0,0.0,0.0,12.0,0.0,0.0,0.0,0.0,0.0,0.0,0.0,0.0,0.0,0.0,0.0,0.0,0.0,0.0,0.0,40.0,48.0,98.0,246.0,104.0,285.0,38.0,203.0,4.0,11.0,0.0,136.0,9.0,9.0,0.0,10.0,3053.0,4.0,1328.0,36838.0,0.0,33.0,15.0,0,3.0,4.0,0,0,13.0,0,15.0,9.0,0.0,0.0,27.0,369.0,0.0,49.0,0.0,8.0,0.0,172.0,171.0,2.0,8.0,0.0,0.0,6.0,5.0,1.0,5.0,0.0,26.0,1.0,5.0,0.0,6.0,3.0,10.0,4.0,0.0,10.0,0.0,0.0,1.0,1.0,1.0,0.0,7.0,37.0,41.0,993.0,747.0
938,334.0,186.0,833.0,0.0,14.0,43.0,49.0,23.0,47.0,7.0,22.0,724.0,137.0,810.0,167.0,183.0,0.0,16.0,581.0,89.0,5.0,282.0,333.0,222.0,41.0,588.0,129.0,115.0,186.0,159.0,62.0,259.0,66.0,614.0,37.0,4.0,14.0,47.0,41.0,88.0,3.0,0.0,0.0,3424.0,0.0,15.0,2.0,62.0,0.0,4.0,2.0,2.0,510.0,9.0,0.0,0.0,0.0,11.0,15.0,1.0,1.0,0.0,4496.0,1472.0,5204.0,5023.0,899.0,0.0,410.0,57.0,0.0,762.0,13518.0,1708.0,3.0,1193.0,1.0,2025.0,61275.0,0.0,291.0,23.0,0,77.0,53.0,0,0,53.0,0,40.0,31.0,0.0,1.0,83.0,436.0,0.0,587.0,0.0,216.0,0.0,226.0,327.0,34.0,9.0,5.0,45.0,29.0,77.0,0.0,32.0,0.0,210.0,1.0,7.0,0.0,9.0,0.0,290.0,7.0,1.0,319.0,21.0,87.0,213.0,8.0,2.0,5.0,44.0,268.0,398.0,4294.0,3320.0
937,13.0,10.0,87.0,0.0,6.0,2.0,0.0,1.0,11.0,0.0,6.0,20.0,7.0,83.0,16.0,3.0,0.0,1.0,74.0,19.0,0.0,19.0,48.0,42.0,7.0,49.0,20.0,11.0,22.0,20.0,8.0,23.0,7.0,57.0,4.0,0.0,0.0,2.0,1.0,1.0,0.0,0.0,0.0,16.0,0.0,0.0,0.0,9.0,0.0,1.0,0.0,1.0,8.0,1.0,0.0,0.0,0.0,1.0,0.0,1.0,0.0,0.0,634.0,240.0,1918.0,4994.0,97.0,1.0,292.0,2.0,1428.0,0.0,4923.0,462.0,1.0,137.0,2.0,165.0,5690.0,0.0,30.0,6.0,0,6.0,4.0,0,0,5.0,0,4.0,5.0,0.0,0.0,9.0,43.0,0.0,106.0,0.0,32.0,0.0,28.0,30.0,11.0,2.0,1.0,2.0,7.0,10.0,0.0,5.0,0.0,14.0,1.0,0.0,0.0,3.0,0.0,35.0,0.0,0.0,34.0,2.0,3.0,6.0,0.0,0.0,5.0,2.0,43.0,24.0,262.0,438.0
936,11.0,16.0,79.0,0.0,0.0,4.0,2.0,3.0,2.0,1.0,3.0,19.0,4.0,60.0,22.0,17.0,0.0,0.0,37.0,9.0,0.0,9.0,45.0,24.0,13.0,28.0,21.0,17.0,15.0,15.0,6.0,15.0,6.0,53.0,0.0,0.0,0.0,2.0,0.0,1.0,0.0,0.0,0.0,29.0,0.0,0.0,0.0,1.0,0.0,0.0,0.0,0.0,3.0,1.0,0.0,0.0,0.0,2.0,1.0,2.0,0.0,0.0,553.0,163.0,1355.0,3634.0,119.0,0.0,222.0,5.0,11591.0,9981.0,0.0,852.0,1.0,136.0,6.0,126.0,4283.0,0.0,17.0,1.0,0,11.0,6.0,0,0,3.0,0,1.0,3.0,0.0,0.0,17.0,31.0,0.0,65.0,0.0,30.0,0.0,10.0,35.0,4.0,1.0,2.0,8.0,1.0,10.0,0.0,1.0,0.0,15.0,0.0,2.0,0.0,1.0,1.0,26.0,0.0,0.0,12.0,0.0,3.0,4.0,0.0,0.0,1.0,7.0,30.0,12.0,176.0,301.0
935,0.0,0.0,0.0,0.0,0.0,0.0,0.0,0.0,0.0,0.0,0.0,0.0,0.0,0.0,0.0,0.0,0.0,0.0,0.0,0.0,0.0,0.0,0.0,0.0,0.0,0.0,0.0,0.0,0.0,0.0,0.0,0.0,0.0,0.0,0.0,0.0,0.0,0.0,0.0,0.0,0.0,0.0,0.0,0.0,0.0,0.0,0.0,0.0,0.0,0.0,0.0,0.0,0.0,0.0,0.0,0.0,0.0,0.0,0.0,0.0,0.0,0.0,0.0,0.0,0.0,0.0,0.0,0.0,0.0,0.0,1844.0,478.0,585.0,0.0,0.0,0.0,1099.0,0.0,0.0,0.0,0.0,0.0,0,0.0,0.0,0,0,0.0,0,0.0,0.0,0.0,0.0,0.0,0.0,0.0,0.0,0.0,0.0,0.0,0.0,0.0,0.0,0.0,0.0,0.0,0.0,0.0,0.0,0.0,0.0,0.0,0.0,0.0,0.0,0.0,0.0,0.0,0.0,0.0,0.0,0.0,0.0,0.0,0.0,0.0,0.0,0.0,0.0,0.0,0.0,0.0
934,21.0,11.0,71.0,0.0,0.0,4.0,4.0,4.0,5.0,9.0,1.0,34.0,18.0,55.0,18.0,19.0,0.0,4.0,39.0,10.0,1.0,13.0,72.0,35.0,5.0,57.0,23.0,10.0,32.0,11.0,3.0,42.0,2.0,37.0,3.0,0.0,0.0,21.0,5.0,3.0,1.0,0.0,0.0,176.0,0.0,2.0,1.0,1.0,0.0,0.0,0.0,0.0,24.0,2.0,0.0,0.0,0.0,0.0,1.0,0.0,0.0,0.0,649.0,215.0,1204.0,3702.0,56.0,1.0,1167.0,6.0,1.0,4.0,3.0,0.0,0.0,121.0,5.0,108.0,5626.0,0.0,21.0,1.0,0,9.0,3.0,0,0,2.0,0,6.0,2.0,0.0,0.0,6.0,29.0,0.0,73.0,0.0,9.0,0.0,13.0,43.0,48.0,0.0,0.0,5.0,0.0,6.0,0.0,1.0,0.0,6.0,1.0,0.0,0.0,0.0,0.0,22.0,0.0,0.0,11.0,4.0,3.0,10.0,0.0,0.0,0.0,4.0,30.0,7.0,250.0,385.0
103,16.0,14.0,3786.0,0.0,0.0,3.0,2.0,1.0,1.0,2.0,1.0,20.0,7.0,54.0,382.0,767.0,0.0,1.0,60.0,99.0,13.0,99.0,35.0,12.0,3.0,3310.0,124.0,31.0,726.0,409.0,5.0,119.0,24.0,34.0,3.0,0.0,1.0,8.0,3.0,2.0,6.0,0.0,0.0,23.0,0.0,1.0,0.0,1.0,0.0,0.0,0.0,0.0,3.0,0.0,0.0,0.0,0.0,2.0,2.0,1109.0,1540.0,3238.0,6361.0,1817.0,4146.0,523.0,11238.0,148.0,191.0,4323.0,1011.0,168.0,109.0,0.0,124.0,0.0,49.0,14996.0,850819.0,239.0,227.0,123.0,0,8.0,7.0,0,0,158.0,0,183.0,69.0,1.0,2.0,337.0,861.0,0.0,63.0,0.0,9.0,0.0,685.0,1004.0,7.0,26.0,1.0,0.0,2.0,2.0,0.0,5.0,0.0,38.0,3.0,9.0,0.0,14.0,5.0,8.0,15.0,0.0,15.0,2.0,5.0,7.0,15.0,30.0,40.0,247.0,2804.0,4640.0,4126.0,15662.0
933,4.0,6.0,24.0,0.0,2.0,4.0,1.0,0.0,2.0,0.0,1.0,12.0,5.0,18.0,44.0,8.0,0.0,0.0,14.0,2.0,1.0,4.0,26.0,8.0,3.0,21.0,8.0,17.0,9.0,12.0,5.0,5.0,1.0,26.0,1.0,0.0,0.0,1.0,3.0,0.0,0.0,0.0,0.0,26.0,0.0,0.0,0.0,1.0,0.0,0.0,0.0,0.0,5.0,0.0,0.0,0.0,0.0,1.0,2.0,0.0,0.0,0.0,347.0,108.0,2236.0,5372.0,38.0,0.0,183.0,3.0,1.0,1.0,3.0,954.0,4.0,64.0,0.0,98.0,2611.0,0.0,8.0,0.0,0,3.0,2.0,0,0,4.0,0,2.0,4.0,0.0,0.0,7.0,11.0,0.0,47.0,0.0,22.0,0.0,16.0,16.0,3.0,1.0,0.0,1.0,2.0,2.0,0.0,2.0,0.0,4.0,0.0,0.0,0.0,0.0,0.0,3.0,0.0,0.0,8.0,0.0,3.0,1.0,0.0,5.0,0.0,11.0,17.0,7.0,57.0,128.0
70,20.0,91.0,9264.0,0.0,1.0,9.0,4.0,5.0,6.0,6.0,4.0,55.0,20.0,212.0,190.0,540.0,0.0,5.0,109.0,153.0,38.0,180.0,96.0,41.0,15.0,2000.0,487.0,65.0,496.0,466.0,9.0,220.0,65.0,127.0,8.0,2.0,3.0,14.0,29.0,3.0,0.0,0.0,0.0,60.0,0.0,1.0,1.0,3.0,0.0,0.0,0.0,0.0,12.0,1.0,0.0,0.0,0.0,0.0,2.0,764.0,2939.0,7679.0,5817.0,1746.0,4418.0,549.0,4773.0,161.0,99.0,1824.0,1163.0,143.0,101.0,0.0,116.0,15091.0,69.0,0.0,833250.0,67.0,342.0,196.0,0,13.0,16.0,0,0,262.0,0,158.0,165.0,0.0,6.0,293.0,1240.0,0.0,166.0,0.0,35.0,0.0,1068.0,1252.0,21.0,57.0,4.0,30.0,7.0,10.0,6.0,24.0,0.0,210.0,8.0,27.0,4.0,35.0,14.0,19.0,49.0,1.0,71.0,11.0,4.0,5.0,8.0,9.0,43.0,342.0,1055.0,1034.0,8751.0,3432.0
68,37.0,112.0,121772.0,0.0,0.0,8.0,5.0,17.0,5.0,6.0,2.0,83.0,36.0,340.0,1988.0,3002.0,0.0,2.0,249.0,470.0,133.0,139.0,138.0,67.0,22.0,28194.0,525.0,123.0,29161.0,17853.0,35.0,5678.0,489.0,244.0,8.0,3.0,2.0,22.0,12.0,4.0,2.0,0.0,0.0,62.0,2.0,0.0,0.0,4.0,0.0,0.0,0.0,2.0,20.0,1.0,0.0,0.0,0.0,1.0,1.0,30743.0,47452.0,148270.0,303104.0,75621.0,248234.0,17301.0,229678.0,6266.0,6758.0,39575.0,68876.0,7378.0,4688.0,0.0,6605.0,768267.0,2482.0,906153.0,0.0,2115.0,631.0,1002.0,0,71.0,81.0,0,0,830.0,0,1422.0,640.0,4.0,4.0,2804.0,6446.0,0.0,207.0,0.0,53.0,0.0,6168.0,7160.0,24.0,85.0,2.0,11.0,19.0,33.0,9.0,60.0,0.0,118.0,10.0,47.0,4.0,30.0,26.0,82.0,89.0,3.0,113.0,16.0,7.0,13.0,89.0,324.0,382.0,1573.0,35965.0,80925.0,113226.0,270109.0
927,3.0,4.0,20.0,0.0,0.0,0.0,0.0,0.0,1.0,0.0,0.0,5.0,1.0,11.0,2.0,102.0,0.0,0.0,17.0,20.0,1.0,4.0,23.0,10.0,5.0,72.0,6.0,6.0,7.0,8.0,2.0,5.0,2.0,18.0,2.0,0.0,0.0,0.0,0.0,0.0,0.0,0.0,0.0,0.0,0.0,0.0,0.0,1.0,0.0,0.0,0.0,0.0,0.0,0.0,0.0,0.0,0.0,0.0,0.0,0.0,0.0,0.0,205.0,89.0,811.0,2089.0,14.0,1.0,400.0,1.0,1.0,1.0,0.0,0.0,1.0,538.0,0.0,179.0,2044.0,0.0,7.0,0.0,0,2.0,0.0,0,0,0.0,0,2.0,0.0,0.0,0.0,4.0,12.0,0.0,20.0,0.0,7.0,0.0,3.0,2.0,0.0,2.0,0.0,5.0,0.0,1.0,0.0,0.0,0.0,10.0,0.0,0.0,0.0,0.0,0.0,9.0,0.0,0.0,1.0,1.0,23.0,0.0,0.0,0.0,0.0,0.0,14.0,4.0,35.0,116.0
480,167.0,245.0,4452.0,0.0,6.0,36.0,78.0,8.0,35.0,74.0,23.0,172.0,180.0,664.0,2825.0,4438.0,1.0,21.0,472.0,777.0,166.0,503.0,1783.0,1038.0,102.0,1241.0,1082.0,543.0,919.0,1544.0,126.0,1581.0,331.0,608.0,17.0,11.0,9.0,148.0,157.0,31.0,9.0,2.0,0.0,552.0,6.0,10.0,6.0,14.0,0.0,1.0,1.0,3.0,54.0,15.0,0.0,0.0,0.0,14.0,18.0,325.0,454.0,2146.0,2990.0,1100.0,1058.0,129.0,893.0,73.0,24.0,27.0,411.0,34.0,25.0,0.0,36.0,284.0,9.0,459.0,740.0,7.0,0.0,1943.0,0,301967.0,223636.0,0,0,2592.0,0,2046.0,1624.0,13.0,12.0,14094.0,92956.0,0.0,110719.0,0.0,103666.0,0.0,31228.0,34516.0,74.0,232.0,5.0,29.0,48.0,29.0,31.0,77.0,0.0,613.0,60.0,106.0,11.0,195.0,63.0,225.0,250.0,7.0,244.0,10.0,20.0,16.0,344.0,95.0,130.0,2488.0,374.0,137.0,1460.0,313.0
481,0.0,0.0,0.0,0.0,0.0,0.0,0.0,0.0,0.0,0.0,0.0,0.0,0.0,0.0,0.0,0.0,0.0,0.0,0.0,0.0,0.0,0.0,0.0,0.0,0.0,0.0,0.0,0.0,0.0,0.0,0.0,0.0,0.0,0.0,0.0,0.0,0.0,0.0,0.0,0.0,0.0,0.0,0.0,0.0,0.0,0.0,0.0,0.0,0.0,0.0,0.0,0.0,0.0,0.0,0.0,0.0,0.0,0.0,0.0,0.0,0.0,0.0,0.0,0.0,0.0,0.0,0.0,0.0,0.0,0.0,0.0,0.0,0.0,0.0,0.0,0.0,0.0,0.0,0.0,0.0,0.0,0.0,0,0.0,0.0,0,0,0.0,0,0.0,0.0,0.0,0.0,0.0,0.0,0.0,0.0,0.0,0.0,0.0,0.0,0.0,0.0,0.0,0.0,0.0,0.0,0.0,0.0,0.0,0.0,0.0,0.0,0.0,0.0,0.0,0.0,0.0,0.0,0.0,0.0,0.0,0.0,0.0,0.0,0.0,0.0,0.0,0.0,0.0,0.0,0.0
482,340.0,102.0,2719.0,3.0,0.0,22.0,39.0,9.0,11.0,111.0,23.0,108.0,282.0,512.0,548.0,229.0,0.0,23.0,342.0,283.0,34.0,387.0,3394.0,2315.0,163.0,768.0,468.0,471.0,612.0,459.0,159.0,918.0,147.0,653.0,10.0,9.0,9.0,127.0,47.0,15.0,6.0,0.0,0.0,389.0,3.0,14.0,2.0,14.0,0.0,0.0,1.0,2.0,66.0,10.0,0.0,0.0,0.0,3.0,16.0,52.0,79.0,225.0,282.0,92.0,275.0,26.0,163.0,6.0,4.0,7.0,87.0,5.0,3.0,0.0,7.0,296.0,5.0,363.0,1498.0,2.0,5385.0,22.0,0,32806.0,57825.0,0,0,14.0,0,11.0,6.0,32223.0,0.0,14.0,61.0,0.0,15804.0,0.0,7703.0,0.0,23216.0,107.0,38.0,147.0,2.0,19.0,12.0,13.0,10.0,41.0,0.0,415.0,10.0,58.0,1.0,55.0,23.0,159.0,89.0,3.0,153.0,8.0,8.0,13.0,17.0,4.0,83.0,732.0,228.0,75.0,1065.0,149.0
512,19.0,19.0,11003.0,1.0,4.0,1.0,9.0,0.0,1.0,1.0,3.0,7.0,12.0,42.0,5341.0,20487.0,0.0,0.0,32.0,1027.0,125.0,35.0,81.0,47.0,5.0,6807.0,310.0,98.0,142.0,223.0,18.0,210.0,43.0,41.0,15.0,2.0,0.0,5.0,9.0,5.0,2.0,0.0,0.0,35.0,0.0,0.0,0.0,1.0,0.0,0.0,0.0,1.0,2.0,0.0,0.0,0.0,0.0,1.0,0.0,17.0,74.0,171.0,422.0,97.0,254.0,27.0,203.0,9.0,10.0,10.0,56.0,7.0,5.0,0.0,7.0,16.0,4.0,17.0,88.0,3.0,376952.0,17619.0,0,0.0,353.0,0,0,17628.0,0,12543.0,7948.0,49.0,110.0,27083.0,174134.0,140142.0,125518.0,316276.0,171409.0,63798.0,50406.0,107397.0,2.0,12.0,0.0,3.0,4.0,3.0,1.0,4.0,0.0,19.0,0.0,9.0,0.0,10.0,4.0,36.0,14.0,0.0,17.0,2.0,1.0,4.0,462.0,571.0,276.0,7637.0,22.0,7.0,71.0,109.0
511,13.0,10.0,16515.0,0.0,2.0,2.0,1.0,1.0,2.0,0.0,8.0,8.0,7.0,27.0,15947.0,18685.0,0.0,0.0,17.0,1411.0,197.0,7.0,42.0,17.0,4.0,11749.0,574.0,88.0,133.0,138.0,53.0,132.0,19.0,8.0,4.0,2.0,0.0,4.0,4.0,1.0,0.0,0.0,0.0,19.0,0.0,0.0,0.0,1.0,0.0,1.0,1.0,1.0,5.0,0.0,0.0,0.0,0.0,0.0,0.0,26.0,75.0,115.0,295.0,62.0,155.0,17.0,148.0,7.0,6.0,3.0,55.0,11.0,7.0,0.0,8.0,4.0,4.0,21.0,110.0,0.0,135667.0,30853.0,0,272.0,0.0,0,0,38761.0,0,40045.0,11836.0,85.0,112.0,38414.0,141692.0,126991.0,242623.0,633980.0,334483.0,146009.0,119203.0,93950.0,2.0,9.0,0.0,1.0,1.0,4.0,0.0,2.0,0.0,16.0,0.0,3.0,0.0,3.0,3.0,16.0,12.0,1.0,13.0,2.0,1.0,1.0,589.0,831.0,744.0,4829.0,5.0,2.0,43.0,124.0
523,70.0,25.0,807.0,0.0,0.0,5.0,6.0,4.0,0.0,6.0,7.0,25.0,41.0,129.0,137.0,75.0,0.0,6.0,63.0,66.0,9.0,90.0,604.0,484.0,44.0,211.0,117.0,44.0,81.0,92.0,33.0,186.0,25.0,128.0,1.0,1.0,2.0,9.0,13.0,3.0,2.0,0.0,0.0,93.0,0.0,0.0,0.0,9.0,0.0,0.0,0.0,0.0,12.0,2.0,0.0,0.0,0.0,2.0,1.0,4.0,11.0,38.0,58.0,8.0,83.0,4.0,44.0,0.0,3.0,3.0,13.0,4.0,0.0,0.0,0.0,84.0,1.0,133.0,362.0,0.0,1909.0,7.0,0,8279.0,22536.0,0,0,7.0,0,2.0,23.0,7804.0,0.0,25.0,37.0,0.0,3591.0,0.0,1853.0,0.0,14605.0,38.0,5.0,12.0,0.0,5.0,6.0,7.0,3.0,4.0,0.0,45.0,4.0,8.0,0.0,11.0,5.0,62.0,15.0,0.0,47.0,0.0,0.0,2.0,6.0,1.0,16.0,283.0,54.0,10.0,351.0,44.0
527,2.0,1.0,16.0,0.0,0.0,0.0,1.0,0.0,1.0,0.0,1.0,0.0,3.0,5.0,4.0,1.0,0.0,0.0,3.0,5.0,0.0,4.0,24.0,8.0,1.0,2.0,5.0,1.0,2.0,2.0,5.0,3.0,1.0,4.0,0.0,0.0,0.0,1.0,1.0,0.0,0.0,0.0,0.0,4.0,0.0,0.0,0.0,1.0,0.0,0.0,0.0,0.0,0.0,0.0,0.0,0.0,0.0,0.0,0.0,4.0,0.0,2.0,0.0,1.0,5.0,0.0,1.0,0.0,0.0,0.0,0.0,0.0,0.0,0.0,0.0,1.0,0.0,2.0,8.0,0.0,24.0,0.0,0,93.0,98.0,0,0,0.0,0,4324.0,0.0,38.0,2.0,0.0,0.0,0.0,64.0,0.0,41.0,0.0,58.0,2.0,1.0,0.0,0.0,0.0,0.0,0.0,0.0,2.0,0.0,2.0,0.0,0.0,0.0,1.0,0.0,2.0,0.0,0.0,2.0,0.0,2.0,0.0,0.0,0.0,0.0,5.0,0.0,0.0,5.0,1.0
525,0.0,0.0,0.0,0.0,0.0,0.0,0.0,0.0,0.0,0.0,0.0,0.0,0.0,0.0,0.0,0.0,0.0,0.0,0.0,0.0,0.0,0.0,0.0,0.0,0.0,0.0,0.0,0.0,0.0,0.0,0.0,0.0,0.0,0.0,0.0,0.0,0.0,0.0,0.0,0.0,0.0,0.0,0.0,0.0,0.0,0.0,0.0,0.0,0.0,0.0,0.0,0.0,0.0,0.0,0.0,0.0,0.0,0.0,0.0,0.0,0.0,0.0,0.0,0.0,0.0,0.0,0.0,0.0,0.0,0.0,0.0,0.0,0.0,0.0,0.0,0.0,0.0,0.0,0.0,0.0,0.0,0.0,0,0.0,0.0,0,0,0.0,0,0.0,0.0,0.0,0.0,0.0,0.0,0.0,0.0,0.0,0.0,0.0,0.0,0.0,0.0,0.0,0.0,0.0,0.0,0.0,0.0,0.0,0.0,0.0,0.0,0.0,0.0,0.0,0.0,0.0,0.0,0.0,0.0,0.0,0.0,0.0,0.0,0.0,0.0,0.0,0.0,0.0,0.0,0.0
529,0.0,0.0,0.0,0.0,0.0,0.0,0.0,0.0,0.0,0.0,0.0,0.0,0.0,0.0,0.0,0.0,0.0,0.0,0.0,0.0,0.0,0.0,0.0,3.0,0.0,0.0,2.0,0.0,0.0,0.0,0.0,0.0,0.0,0.0,0.0,0.0,0.0,0.0,0.0,0.0,0.0,0.0,0.0,0.0,0.0,0.0,0.0,0.0,0.0,0.0,0.0,0.0,0.0,0.0,0.0,0.0,0.0,0.0,0.0,0.0,0.0,0.0,0.0,0.0,0.0,0.0,0.0,0.0,0.0,0.0,0.0,0.0,0.0,0.0,0.0,0.0,0.0,0.0,0.0,0.0,0.0,0.0,0,6.0,0.0,0,0,0.0,0,0.0,0.0,3.0,0.0,0.0,0.0,0.0,0.0,0.0,0.0,0.0,3.0,0.0,0.0,1.0,0.0,0.0,0.0,0.0,0.0,0.0,0.0,0.0,0.0,0.0,0.0,0.0,0.0,0.0,0.0,0.0,0.0,0.0,0.0,0.0,0.0,0.0,0.0,0.0,0.0,0.0,0.0,0.0
526,734.0,126.0,2709.0,0.0,5.0,59.0,145.0,12.0,29.0,73.0,76.0,195.0,263.0,680.0,480.0,241.0,0.0,34.0,363.0,324.0,45.0,587.0,3352.0,3382.0,172.0,560.0,584.0,387.0,485.0,710.0,154.0,1216.0,141.0,512.0,16.0,15.0,13.0,188.0,119.0,33.0,17.0,3.0,0.0,466.0,1.0,6.0,5.0,78.0,0.0,1.0,5.0,5.0,88.0,9.0,0.0,0.0,0.0,23.0,51.0,42.0,79.0,338.0,771.0,174.0,652.0,51.0,311.0,12.0,13.0,18.0,106.0,11.0,2.0,0.0,10.0,448.0,4.0,326.0,1890.0,2.0,4672.0,31.0,0,25371.0,69942.0,0,0,17.0,0,0.0,12.0,9286.0,5.0,19.0,56.0,0.0,10544.0,0.0,6757.0,0.0,15944.0,422.0,57.0,241.0,4.0,44.0,34.0,41.0,32.0,52.0,0.0,278.0,13.0,71.0,2.0,110.0,69.0,180.0,319.0,15.0,184.0,11.0,12.0,35.0,9.0,4.0,13.0,666.0,243.0,82.0,1442.0,144.0
524,0.0,0.0,0.0,0.0,0.0,0.0,0.0,0.0,0.0,0.0,0.0,1.0,0.0,0.0,1.0,0.0,0.0,0.0,0.0,0.0,0.0,0.0,0.0,0.0,0.0,0.0,1.0,0.0,1.0,1.0,0.0,1.0,0.0,0.0,0.0,0.0,0.0,0.0,0.0,0.0,0.0,0.0,0.0,0.0,0.0,0.0,0.0,0.0,0.0,0.0,0.0,0.0,0.0,0.0,0.0,0.0,0.0,0.0,0.0,0.0,0.0,0.0,0.0,0.0,0.0,0.0,0.0,0.0,0.0,0.0,0.0,0.0,0.0,0.0,0.0,0.0,0.0,1.0,0.0,0.0,0.0,1208.0,0,7.0,23.0,0,0,13037.0,0,952.0,0.0,29.0,1.0,2.0,0.0,0.0,7.0,0.0,5.0,0.0,34.0,5.0,1.0,0.0,0.0,0.0,0.0,0.0,0.0,0.0,0.0,0.0,0.0,0.0,0.0,0.0,0.0,0.0,0.0,0.0,1.0,0.0,0.0,0.0,0.0,2.0,0.0,2.0,0.0,0.0,0.0,0.0
522,0.0,0.0,5.0,0.0,0.0,0.0,0.0,0.0,0.0,1.0,0.0,1.0,0.0,0.0,0.0,2.0,0.0,0.0,0.0,0.0,1.0,1.0,3.0,0.0,0.0,1.0,0.0,0.0,1.0,0.0,1.0,0.0,0.0,0.0,0.0,0.0,0.0,0.0,0.0,0.0,0.0,0.0,0.0,1.0,0.0,0.0,0.0,0.0,0.0,0.0,0.0,0.0,0.0,0.0,0.0,0.0,0.0,0.0,0.0,0.0,0.0,0.0,1.0,0.0,0.0,0.0,0.0,0.0,0.0,0.0,0.0,0.0,0.0,0.0,0.0,0.0,0.0,0.0,1.0,0.0,1.0,6950.0,0,21.0,35.0,0,0,22664.0,0,4089.0,4578.0,0.0,19.0,1.0,0.0,0.0,5.0,0.0,15.0,0.0,43.0,2.0,1.0,0.0,0.0,0.0,0.0,0.0,0.0,1.0,0.0,0.0,0.0,0.0,0.0,0.0,0.0,0.0,0.0,0.0,0.0,0.0,0.0,0.0,4.0,0.0,0.0,4.0,0.0,0.0,0.0,0.0
528,1031.0,194.0,2401.0,1.0,4.0,44.0,100.0,11.0,34.0,29.0,39.0,456.0,521.0,1007.0,256.0,184.0,0.0,35.0,607.0,233.0,28.0,808.0,3349.0,2460.0,245.0,538.0,339.0,693.0,555.0,631.0,241.0,941.0,167.0,687.0,31.0,19.0,12.0,142.0,159.0,102.0,13.0,1.0,0.0,1806.0,4.0,11.0,4.0,16.0,0.0,6.0,3.0,4.0,500.0,7.0,0.0,0.0,0.0,8.0,26.0,47.0,82.0,385.0,476.0,102.0,339.0,25.0,357.0,7.0,17.0,28.0,598.0,2.0,8.0,0.0,44.0,384.0,2.0,470.0,1451.0,4.0,3683.0,6.0,0,29019.0,37131.0,0,0,0.0,0,3814.0,2.0,4825.0,0.0,9.0,31.0,0.0,9716.0,0.0,5567.0,0.0,9543.0,86.0,40.0,1369.0,7.0,39.0,41.0,24.0,12.0,60.0,0.0,922.0,19.0,106.0,4.0,680.0,16.0,384.0,150.0,4.0,1133.0,24.0,33.0,113.0,6.0,4.0,11.0,556.0,249.0,151.0,1063.0,189.0
521,164.0,86.0,3160.0,0.0,3.0,15.0,56.0,6.0,14.0,13.0,24.0,89.0,101.0,250.0,253.0,146.0,0.0,18.0,272.0,170.0,30.0,192.0,2045.0,2986.0,222.0,1303.0,471.0,201.0,177.0,424.0,186.0,803.0,250.0,234.0,20.0,10.0,3.0,71.0,51.0,18.0,1.0,0.0,0.0,332.0,4.0,4.0,1.0,30.0,0.0,1.0,1.0,1.0,28.0,5.0,0.0,0.0,0.0,4.0,6.0,28.0,132.0,142.0,403.0,113.0,237.0,26.0,254.0,9.0,3.0,8.0,70.0,2.0,1.0,0.0,8.0,246.0,2.0,233.0,1573.0,4.0,7904.0,7.0,0,19218.0,28884.0,0,0,3.0,0,0.0,10.0,0.0,0.0,0.0,65.0,0.0,13627.0,0.0,8084.0,0.0,14763.0,120.0,30.0,119.0,3.0,29.0,11.0,15.0,17.0,27.0,0.0,236.0,6.0,36.0,4.0,108.0,14.0,141.0,90.0,6.0,92.0,9.0,9.0,5.0,78.0,16.0,16.0,627.0,196.0,50.0,1557.0,234.0
518,996.0,243.0,15593.0,0.0,4.0,53.0,325.0,30.0,66.0,73.0,78.0,287.0,622.0,1300.0,18243.0,3069.0,0.0,64.0,847.0,1580.0,431.0,1605.0,6386.0,7539.0,393.0,2962.0,3349.0,1517.0,933.0,1148.0,375.0,2528.0,729.0,922.0,36.0,31.0,16.0,302.0,245.0,129.0,52.0,1.0,0.0,1382.0,4.0,19.0,8.0,42.0,0.0,4.0,7.0,5.0,223.0,18.0,0.0,0.0,0.0,36.0,32.0,84.0,185.0,615.0,1807.0,280.0,1008.0,114.0,626.0,30.0,32.0,91.0,485.0,57.0,36.0,0.0,31.0,929.0,11.0,1290.0,5344.0,9.0,88179.0,7.0,0,143074.0,180623.0,0,0,10.0,0,9.0,15.0,0.0,0.0,162.0,0.0,0.0,251167.0,0.0,46331.0,0.0,186.0,256.0,107.0,575.0,6.0,57.0,70.0,39.0,16.0,87.0,0.0,819.0,33.0,182.0,9.0,283.0,92.0,524.0,356.0,28.0,594.0,29.0,65.0,68.0,84.0,7.0,15.0,166.0,809.0,139.0,7546.0,3866.0
517,0.0,0.0,0.0,0.0,0.0,0.0,0.0,0.0,0.0,0.0,0.0,0.0,0.0,0.0,0.0,0.0,0.0,0.0,0.0,0.0,0.0,0.0,0.0,0.0,0.0,0.0,0.0,0.0,0.0,0.0,0.0,0.0,0.0,0.0,0.0,0.0,0.0,0.0,0.0,0.0,0.0,0.0,0.0,0.0,0.0,0.0,0.0,0.0,0.0,0.0,0.0,0.0,0.0,0.0,0.0,0.0,0.0,0.0,0.0,0.0,0.0,0.0,0.0,0.0,0.0,0.0,0.0,0.0,0.0,0.0,0.0,0.0,0.0,0.0,0.0,0.0,0.0,0.0,0.0,0.0,0.0,0.0,0,118207.0,148088.0,0,0,0.0,0,0.0,0.0,0.0,0.0,0.0,0.0,0.0,6551.0,0.0,67632.0,0.0,0.0,0.0,0.0,0.0,0.0,0.0,0.0,0.0,0.0,0.0,0.0,0.0,0.0,0.0,0.0,0.0,0.0,0.0,0.0,0.0,0.0,0.0,0.0,0.0,0.0,0.0,0.0,0.0,0.0,0.0,0.0,0.0
516,188.0,179.0,9963.0,0.0,3.0,16.0,131.0,8.0,13.0,17.0,25.0,142.0,52.0,609.0,4983.0,28626.0,0.0,17.0,368.0,478.0,79.0,304.0,384.0,203.0,42.0,6661.0,226.0,265.0,1238.0,1922.0,87.0,1921.0,329.0,434.0,15.0,2.0,10.0,107.0,43.0,11.0,3.0,0.0,0.0,320.0,0.0,2.0,1.0,6.0,0.0,0.0,6.0,1.0,30.0,0.0,0.0,0.0,0.0,5.0,4.0,334.0,809.0,1800.0,5521.0,1178.0,2848.0,367.0,2252.0,92.0,71.0,33.0,801.0,149.0,86.0,0.0,114.0,104.0,47.0,274.0,167.0,27.0,61738.0,6982.0,0,108935.0,283275.0,0,0,7946.0,0,5653.0,4068.0,37.0,47.0,19152.0,224121.0,3605.0,0.0,0.0,33518.0,0.0,43820.0,121577.0,56.0,223.0,6.0,21.0,24.0,44.0,19.0,67.0,0.0,408.0,27.0,134.0,11.0,162.0,86.0,152.0,270.0,10.0,238.0,14.0,11.0,28.0,619.0,432.0,385.0,10153.0,166.0,70.0,1007.0,218.0
515,0.0,0.0,0.0,0.0,0.0,0.0,0.0,0.0,0.0,0.0,0.0,0.0,0.0,0.0,0.0,0.0,0.0,0.0,0.0,0.0,0.0,0.0,0.0,0.0,0.0,0.0,0.0,0.0,0.0,0.0,0.0,0.0,0.0,0.0,0.0,0.0,0.0,0.0,0.0,0.0,0.0,0.0,0.0,0.0,0.0,0.0,0.0,0.0,0.0,0.0,0.0,0.0,0.0,0.0,0.0,0.0,0.0,0.0,0.0,0.0,0.0,0.0,0.0,0.0,0.0,0.0,0.0,0.0,0.0,0.0,0.0,0.0,0.0,0.0,0.0,0.0,0.0,0.0,0.0,0.0,0.0,0.0,0,281791.0,627896.0,0,0,0.0,0,0.0,0.0,0.0,0.0,0.0,0.0,0.0,0.0,0.0,9736.0,0.0,0.0,0.0,0.0,0.0,0.0,0.0,0.0,0.0,0.0,0.0,0.0,0.0,0.0,0.0,0.0,0.0,0.0,0.0,0.0,0.0,0.0,0.0,0.0,0.0,0.0,0.0,0.0,0.0,0.0,0.0,0.0,0.0
514,42.0,73.0,7808.0,0.0,1.0,13.0,9.0,3.0,24.0,10.0,1.0,63.0,24.0,210.0,6556.0,7821.0,0.0,4.0,115.0,843.0,67.0,59.0,160.0,45.0,15.0,5246.0,495.0,255.0,599.0,908.0,32.0,930.0,244.0,117.0,38.0,1.0,2.0,16.0,18.0,15.0,4.0,0.0,0.0,63.0,2.0,0.0,0.0,2.0,0.0,1.0,0.0,0.0,19.0,0.0,0.0,0.0,0.0,0.0,1.0,149.0,383.0,1022.0,1986.0,667.0,1595.0,174.0,1091.0,36.0,53.0,14.0,402.0,62.0,68.0,0.0,33.0,26.0,34.0,101.0,64.0,25.0,119002.0,3526.0,0,211085.0,398385.0,0,0,4345.0,0,3652.0,2007.0,20.0,31.0,13860.0,54519.0,77970.0,47622.0,6897.0,0.0,0.0,32890.0,40485.0,13.0,77.0,0.0,19.0,5.0,30.0,13.0,22.0,0.0,119.0,36.0,38.0,2.0,60.0,25.0,67.0,104.0,1.0,134.0,14.0,17.0,28.0,211.0,233.0,211.0,3780.0,55.0,20.0,259.0,144.0
513,0.0,0.0,0.0,0.0,0.0,0.0,0.0,0.0,0.0,0.0,0.0,0.0,0.0,0.0,0.0,0.0,0.0,0.0,0.0,0.0,0.0,0.0,0.0,0.0,0.0,0.0,0.0,0.0,0.0,0.0,0.0,0.0,0.0,0.0,0.0,0.0,0.0,0.0,0.0,0.0,0.0,0.0,0.0,0.0,0.0,0.0,0.0,0.0,0.0,0.0,0.0,0.0,0.0,0.0,0.0,0.0,0.0,0.0,0.0,0.0,0.0,0.0,0.0,0.0,0.0,0.0,0.0,0.0,0.0,0.0,0.0,0.0,0.0,0.0,0.0,0.0,0.0,0.0,0.0,0.0,0.0,0.0,0,129354.0,216730.0,0,0,0.0,0,0.0,0.0,0.0,0.0,0.0,0.0,0.0,0.0,0.0,0.0,0.0,0.0,0.0,0.0,0.0,0.0,0.0,0.0,0.0,0.0,0.0,0.0,0.0,0.0,0.0,0.0,0.0,0.0,0.0,0.0,0.0,0.0,0.0,0.0,0.0,0.0,0.0,0.0,0.0,0.0,0.0,0.0,0.0
519,643.0,235.0,13370.0,3.0,16.0,60.0,105.0,14.0,26.0,117.0,71.0,237.0,286.0,1107.0,4509.0,2782.0,0.0,46.0,798.0,1227.0,364.0,929.0,4145.0,3351.0,272.0,2363.0,1810.0,684.0,1104.0,1265.0,203.0,2653.0,304.0,784.0,38.0,23.0,24.0,270.0,166.0,63.0,12.0,3.0,0.0,723.0,4.0,15.0,8.0,30.0,0.0,3.0,6.0,8.0,151.0,7.0,0.0,0.0,0.0,29.0,21.0,100.0,206.0,691.0,1217.0,226.0,810.0,95.0,758.0,13.0,27.0,82.0,271.0,32.0,24.0,0.0,30.0,762.0,10.0,1219.0,5054.0,7.0,28882.0,6868.0,0,58135.0,146780.0,0,0,12067.0,0,7542.0,9948.0,66.0,42.0,8825.0,195.0,0.0,48937.0,0.0,32503.0,0.0,0.0,241.0,80.0,339.0,6.0,80.0,36.0,53.0,13.0,82.0,0.0,610.0,32.0,145.0,10.0,203.0,70.0,515.0,331.0,12.0,362.0,28.0,29.0,63.0,340.0,26.0,46.0,189.0,604.0,133.0,4743.0,2315.0
483,678.0,295.0,10408.0,1.0,3.0,51.0,104.0,22.0,54.0,63.0,41.0,321.0,333.0,915.0,8653.0,957.0,1.0,42.0,858.0,1108.0,209.0,836.0,3192.0,2636.0,326.0,1739.0,2726.0,782.0,1152.0,1553.0,185.0,1916.0,642.0,828.0,43.0,6.0,9.0,308.0,347.0,121.0,13.0,1.0,0.0,1068.0,0.0,10.0,1.0,55.0,0.0,5.0,5.0,3.0,162.0,11.0,0.0,0.0,0.0,15.0,30.0,120.0,220.0,421.0,1039.0,314.0,708.0,88.0,542.0,16.0,24.0,60.0,374.0,37.0,26.0,0.0,38.0,981.0,15.0,1417.0,5034.0,8.0,17175.0,12.0,0,86262.0,112532.0,0,0,17.0,0,156.0,77.0,0.0,0.0,91.0,203.0,0.0,118406.0,0.0,27603.0,0.0,130.0,0.0,115.0,430.0,7.0,52.0,96.0,39.0,23.0,75.0,1.0,733.0,34.0,143.0,8.0,345.0,76.0,415.0,302.0,23.0,447.0,31.0,45.0,91.0,116.0,12.0,12.0,142.0,1462.0,355.0,5320.0,1532.0
859,47.0,818.0,357.0,4452.0,2096.0,5079.0,342.0,1049.0,1244.0,613.0,507.0,3462.0,38.0,4507.0,68.0,86.0,1029.0,343.0,2765.0,20.0,2.0,179.0,29.0,16.0,4.0,259.0,20.0,7.0,226.0,658.0,10.0,908.0,817.0,1.0,1020.0,17.0,33.0,211.0,202.0,162.0,78.0,4.0,0.0,391.0,230.0,84.0,51.0,292.0,0.0,22.0,22.0,60.0,660.0,139.0,0.0,0.0,0.0,151.0,340.0,17.0,52.0,50.0,155.0,64.0,154.0,18.0,88.0,8.0,5.0,3.0,63.0,21.0,5.0,0.0,17.0,6.0,2.0,27.0,30.0,0.0,66.0,29.0,0,10.0,5.0,0,0,28.0,0,50.0,6.0,1.0,0.0,73.0,117.0,0.0,38.0,0.0,12.0,0.0,82.0,116.0,0.0,8541.0,872.0,51313.0,1006.0,108807.0,32.0,278.0,0.0,173.0,30.0,94.0,6.0,33.0,50.0,2486.0,175.0,7.0,609.0,3598.0,124.0,65.0,12.0,13.0,5.0,31.0,1.0,0.0,0.0,136.0
863,217.0,1163.0,1208.0,4318.0,554.0,1934.0,2992.0,1271.0,2909.0,1844.0,713.0,6685.0,117.0,9972.0,192.0,274.0,1048.0,613.0,5874.0,82.0,17.0,1294.0,153.0,51.0,4.0,1082.0,119.0,39.0,744.0,1987.0,37.0,2483.0,1727.0,0.0,1660.0,22.0,415.0,721.0,625.0,874.0,151.0,5.0,0.0,6518.0,166.0,212.0,107.0,1355.0,0.0,69.0,75.0,136.0,7610.0,637.0,0.0,0.0,0.0,360.0,593.0,33.0,103.0,283.0,519.0,144.0,293.0,16.0,183.0,4.0,7.0,5.0,63.0,2.0,5.0,0.0,2.0,10.0,1.0,60.0,72.0,0.0,222.0,49.0,0,16.0,17.0,0,0,125.0,0,107.0,63.0,2.0,6.0,189.0,631.0,0.0,153.0,0.0,53.0,0.0,376.0,499.0,11879.0,0.0,1438.0,16771.0,3402.0,322977.0,5.0,1622.0,0.0,146.0,16.0,19.0,2.0,6.0,10.0,15258.0,21.0,2.0,220.0,1946.0,239.0,466.0,15.0,4.0,2.0,106.0,6.0,0.0,5.0,378.0
860,3.0,89.0,52.0,1079.0,183.0,328.0,41.0,51.0,152.0,48.0,38.0,355.0,11.0,485.0,5.0,5.0,64.0,60.0,447.0,1.0,0.0,19.0,5.0,3.0,5.0,25.0,2.0,0.0,62.0,65.0,0.0,65.0,249.0,0.0,77.0,0.0,4.0,14.0,16.0,13.0,4.0,1.0,0.0,31.0,14.0,5.0,3.0,36.0,0.0,5.0,3.0,6.0,76.0,27.0,0.0,0.0,0.0,22.0,38.0,3.0,10.0,8.0,17.0,2.0,25.0,4.0,17.0,0.0,0.0,0.0,3.0,7.0,4.0,0.0,0.0,0.0,1.0,1.0,3.0,0.0,4.0,1.0,0,1.0,1.0,0,0,0.0,0,6.0,0.0,0.0,0.0,1.0,3.0,0.0,2.0,0.0,1.0,0.0,7.0,7.0,1032.0,910.0,0.0,1642.0,1550.0,13070.0,2.0,22.0,0.0,32.0,7.0,9.0,0.0,1.0,1.0,272.0,15.0,0.0,68.0,192.0,19.0,4.0,5.0,3.0,0.0,0.0,0.0,0.0,0.0,12.0
857,47.0,1082.0,223.0,3822.0,6932.0,339.0,357.0,379.0,959.0,288.0,228.0,6793.0,28.0,11814.0,36.0,72.0,1254.0,289.0,11351.0,10.0,1.0,234.0,29.0,14.0,3.0,135.0,19.0,7.0,342.0,1036.0,2.0,1224.0,1470.0,0.0,844.0,12.0,84.0,187.0,100.0,154.0,17.0,4.0,0.0,577.0,26.0,136.0,24.0,359.0,0.0,34.0,54.0,12.0,996.0,77.0,0.0,0.0,0.0,165.0,212.0,14.0,37.0,65.0,180.0,70.0,231.0,30.0,129.0,2.0,4.0,0.0,58.0,9.0,11.0,0.0,9.0,0.0,1.0,24.0,16.0,1.0,23.0,11.0,0,2.0,2.0,0,0,14.0,0,24.0,5.0,0.0,0.0,42.0,60.0,0.0,22.0,0.0,12.0,0.0,92.0,75.0,52551.0,16021.0,2493.0,0.0,10039.0,529720.0,72.0,446.0,0.0,475.0,144.0,305.0,7.0,114.0,146.0,1219.0,670.0,14.0,4177.0,174.0,1506.0,1764.0,7.0,10.0,3.0,18.0,2.0,0.0,2.0,38.0
862,16.0,414.0,191.0,2890.0,382.0,1148.0,157.0,204.0,658.0,245.0,232.0,1400.0,8.0,2995.0,36.0,77.0,395.0,189.0,2705.0,31.0,17.0,98.0,24.0,13.0,3.0,162.0,14.0,7.0,180.0,407.0,1.0,590.0,612.0,0.0,358.0,1.0,46.0,58.0,67.0,73.0,13.0,4.0,0.0,200.0,27.0,45.0,15.0,159.0,0.0,42.0,14.0,14.0,263.0,171.0,0.0,0.0,0.0,81.0,136.0,11.0,12.0,28.0,131.0,27.0,36.0,4.0,31.0,1.0,1.0,0.0,42.0,2.0,0.0,0.0,0.0,0.0,1.0,5.0,19.0,0.0,47.0,13.0,0,3.0,1.0,0,0,7.0,0,18.0,2.0,0.0,1.0,27.0,59.0,0.0,23.0,0.0,6.0,0.0,46.0,75.0,1904.0,2038.0,549.0,8672.0,0.0,92736.0,7.0,126.0,0.0,81.0,2.0,13.0,1.0,3.0,16.0,1901.0,64.0,2.0,66.0,823.0,49.0,15.0,0.0,3.0,2.0,14.0,1.0,0.0,2.0,72.0
856,4.0,3250.0,255.0,45995.0,54667.0,758.0,30.0,131.0,120.0,22.0,70.0,1167.0,22.0,25820.0,43.0,20.0,2415.0,15.0,104688.0,8.0,0.0,18.0,8.0,13.0,0.0,121.0,48.0,4.0,322.0,1151.0,15.0,2929.0,2912.0,0.0,181.0,8.0,2.0,23.0,17.0,28.0,6.0,1.0,0.0,58.0,62.0,3.0,3.0,33.0,0.0,4.0,0.0,12.0,114.0,13.0,0.0,0.0,0.0,13.0,26.0,48.0,57.0,670.0,382.0,195.0,343.0,70.0,78.0,4.0,17.0,10.0,114.0,20.0,19.0,0.0,19.0,1.0,14.0,10.0,51.0,1.0,18.0,15.0,0,3.0,1.0,0,0,9.0,0,44.0,11.0,0.0,0.0,32.0,60.0,0.0,30.0,0.0,9.0,0.0,72.0,85.0,102433.0,281870.0,15517.0,573940.0,91003.0,0.0,163.0,662.0,2.0,887.0,186.0,758.0,56.0,299.0,412.0,2114.0,1621.0,83.0,747.0,251.0,269.0,216.0,1.0,3.0,0.0,35.0,5.0,0.0,3.0,63.0
886,3.0,183.0,82.0,1.0,2.0,53.0,73.0,26.0,58.0,35.0,34.0,179.0,3.0,446.0,13.0,35.0,0.0,14.0,300.0,16.0,2.0,54.0,24.0,0.0,0.0,57.0,15.0,9.0,41.0,38.0,5.0,93.0,203.0,323.0,45.0,0.0,3.0,8.0,9.0,8.0,1.0,1.0,0.0,18.0,0.0,4.0,1.0,43.0,0.0,1.0,1.0,4.0,28.0,13.0,0.0,0.0,0.0,8.0,50.0,2.0,2.0,5.0,15.0,6.0,4.0,1.0,7.0,0.0,0.0,0.0,1.0,0.0,0.0,0.0,0.0,0.0,0.0,0.0,10.0,0.0,31.0,7.0,0,4.0,1.0,0,0,8.0,0,12.0,5.0,0.0,0.0,18.0,30.0,0.0,20.0,0.0,6.0,0.0,32.0,16.0,36.0,1.0,1.0,58.0,3.0,106.0,0.0,0.0,526.0,1600.0,208.0,384.0,233.0,1106.0,595.0,14589.0,1704.0,308.0,24.0,41.0,17.0,25.0,1.0,1.0,4.0,4.0,0.0,1.0,0.0,23.0
879,23.0,307.0,507.0,6.0,38.0,413.0,52.0,105.0,251.0,87.0,72.0,926.0,8.0,1387.0,49.0,75.0,1.0,45.0,1682.0,25.0,6.0,75.0,77.0,12.0,17.0,251.0,52.0,25.0,462.0,683.0,15.0,1227.0,575.0,454.0,241.0,2.0,1.0,44.0,62.0,21.0,0.0,0.0,0.0,147.0,7.0,20.0,8.0,66.0,0.0,16.0,9.0,7.0,306.0,25.0,0.0,0.0,0.0,24.0,114.0,31.0,49.0,33.0,118.0,31.0,71.0,18.0,76.0,1.0,2.0,6.0,35.0,10.0,2.0,0.0,0.0,1.0,1.0,27.0,35.0,0.0,77.0,16.0,0,0.0,1.0,0,0,6.0,0,25.0,4.0,0.0,0.0,29.0,90.0,0.0,44.0,0.0,9.0,0.0,87.0,60.0,229.0,1446.0,22.0,414.0,133.0,528.0,1.0,0.0,0.0,7.0,0.0,0.0,1.0,0.0,0.0,56585.0,0.0,0.0,1061.0,211.0,258.0,143.0,3.0,3.0,2.0,25.0,1.0,0.0,3.0,88.0
880,0.0,0.0,0.0,0.0,0.0,0.0,0.0,0.0,0.0,0.0,3.0,2.0,0.0,0.0,0.0,0.0,0.0,0.0,0.0,0.0,0.0,0.0,0.0,0.0,0.0,0.0,0.0,1.0,0.0,1.0,0.0,0.0,0.0,0.0,0.0,0.0,0.0,0.0,0.0,0.0,0.0,0.0,0.0,0.0,0.0,0.0,0.0,0.0,0.0,0.0,0.0,0.0,0.0,0.0,0.0,0.0,0.0,0.0,0.0,0.0,0.0,0.0,0.0,0.0,0.0,0.0,0.0,0.0,0.0,0.0,0.0,0.0,0.0,0.0,0.0,0.0,0.0,0.0,0.0,0.0,0.0,0.0,0,0.0,0.0,0,0,0.0,0,0.0,0.0,0.0,0.0,0.0,0.0,0.0,0.0,0.0,0.0,0.0,0.0,0.0,1.0,0.0,0.0,0.0,0.0,1.0,407.0,0.0,0.0,8500.0,1027.0,1633.0,133.0,1625.0,965.0,11.0,4329.0,200.0,0.0,0.0,0.0,0.0,0.0,0.0,0.0,0.0,0.0,0.0,0.0,0.0
882,15.0,429.0,2341.0,2.0,31.0,801.0,86.0,201.0,289.0,110.0,83.0,1020.0,23.0,1607.0,416.0,677.0,0.0,62.0,1896.0,126.0,26.0,88.0,109.0,29.0,5.0,2007.0,222.0,109.0,2118.0,2078.0,13.0,3116.0,1438.0,3025.0,515.0,0.0,4.0,33.0,31.0,31.0,4.0,0.0,0.0,127.0,11.0,244.0,18.0,92.0,0.0,14.0,16.0,14.0,279.0,37.0,0.0,0.0,0.0,74.0,85.0,60.0,286.0,208.0,552.0,201.0,121.0,13.0,448.0,2.0,6.0,20.0,249.0,12.0,16.0,0.0,9.0,13.0,2.0,156.0,103.0,6.0,508.0,353.0,0,20.0,13.0,0,0,81.0,0,174.0,65.0,3.0,2.0,305.0,828.0,0.0,299.0,0.0,75.0,0.0,567.0,864.0,177.0,53.0,49.0,447.0,73.0,641.0,1557.0,10.0,7859.0,0.0,2275.0,4893.0,333.0,7492.0,3308.0,331837.0,8809.0,529.0,697.0,240.0,109.0,630.0,19.0,28.0,26.0,216.0,9.0,3.0,11.0,892.0
883,7.0,126.0,84.0,1.0,5.0,29.0,28.0,18.0,75.0,12.0,15.0,162.0,11.0,292.0,35.0,39.0,0.0,5.0,317.0,11.0,2.0,15.0,40.0,6.0,1.0,112.0,9.0,14.0,161.0,128.0,1.0,376.0,189.0,251.0,25.0,0.0,0.0,17.0,9.0,4.0,2.0,0.0,0.0,15.0,2.0,11.0,3.0,12.0,0.0,0.0,0.0,2.0,57.0,6.0,0.0,0.0,0.0,5.0,11.0,3.0,9.0,6.0,12.0,4.0,3.0,1.0,13.0,0.0,0.0,0.0,4.0,0.0,0.0,0.0,0.0,1.0,0.0,13.0,11.0,0.0,59.0,3.0,0,0.0,2.0,0,0,6.0,0,5.0,1.0,0.0,0.0,9.0,27.0,0.0,37.0,0.0,5.0,0.0,22.0,36.0,25.0,11.0,6.0,84.0,9.0,78.0,312.0,0.0,1059.0,2859.0,0.0,1123.0,341.0,805.0,352.0,16888.0,1151.0,86.0,70.0,25.0,20.0,22.0,0.0,1.0,0.0,2.0,2.0,0.0,0.0,47.0
884,19.0,276.0,426.0,1.0,14.0,167.0,70.0,111.0,214.0,80.0,60.0,733.0,12.0,1402.0,59.0,112.0,1.0,47.0,1290.0,22.0,3.0,70.0,84.0,17.0,4.0,300.0,58.0,34.0,222.0,400.0,7.0,658.0,613.0,1381.0,170.0,0.0,10.0,52.0,50.0,18.0,4.0,0.0,0.0,58.0,22.0,48.0,10.0,58.0,0.0,4.0,7.0,8.0,137.0,23.0,0.0,0.0,0.0,27.0,80.0,8.0,33.0,21.0,105.0,23.0,16.0,1.0,46.0,0.0,0.0,9.0,20.0,1.0,1.0,0.0,0.0,2.0,0.0,30.0,48.0,0.0,106.0,24.0,0,9.0,5.0,0,0,22.0,0,40.0,13.0,1.0,0.0,59.0,205.0,0.0,54.0,0.0,23.0,0.0,96.0,125.0,73.0,4.0,6.0,267.0,9.0,422.0,373.0,4.0,1955.0,4955.0,819.0,0.0,378.0,3769.0,1434.0,84053.0,17203.0,617.0,138.0,105.0,63.0,61.0,0.0,2.0,3.0,53.0,2.0,0.0,0.0,118.0
885,0.0,27.0,30.0,0.0,1.0,5.0,1.0,3.0,6.0,3.0,7.0,47.0,2.0,92.0,16.0,0.0,0.0,3.0,130.0,0.0,0.0,0.0,9.0,0.0,0.0,16.0,3.0,6.0,24.0,12.0,0.0,63.0,43.0,156.0,18.0,0.0,0.0,3.0,1.0,3.0,1.0,0.0,0.0,2.0,0.0,0.0,1.0,2.0,0.0,0.0,0.0,1.0,15.0,2.0,0.0,0.0,0.0,2.0,7.0,0.0,3.0,0.0,2.0,0.0,2.0,0.0,3.0,0.0,0.0,0.0,0.0,0.0,1.0,0.0,0.0,0.0,0.0,1.0,1.0,0.0,7.0,2.0,0,0.0,0.0,0,0,0.0,0,4.0,0.0,0.0,1.0,6.0,14.0,0.0,1.0,0.0,0.0,0.0,3.0,5.0,7.0,0.0,0.0,7.0,2.0,20.0,358.0,0.0,111.0,413.0,190.0,592.0,0.0,435.0,933.0,4680.0,9679.0,601.0,9.0,2.0,5.0,8.0,0.0,0.0,0.0,12.0,0.0,0.0,0.0,1.0
890,44.0,292.0,393.0,0.0,11.0,58.0,74.0,40.0,104.0,28.0,37.0,332.0,6.0,1412.0,101.0,78.0,1.0,19.0,811.0,51.0,1.0,36.0,32.0,6.0,8.0,350.0,33.0,13.0,276.0,517.0,11.0,873.0,444.0,1001.0,73.0,0.0,2.0,29.0,8.0,11.0,2.0,0.0,0.0,132.0,1.0,7.0,4.0,37.0,0.0,3.0,10.0,9.0,126.0,21.0,0.0,0.0,0.0,19.0,24.0,14.0,35.0,140.0,163.0,43.0,30.0,3.0,64.0,0.0,2.0,0.0,19.0,2.0,3.0,0.0,1.0,5.0,0.0,20.0,41.0,0.0,88.0,18.0,0,4.0,2.0,0,0,39.0,0,38.0,21.0,0.0,1.0,118.0,262.0,0.0,82.0,0.0,19.0,0.0,152.0,290.0,19.0,1.0,0.0,105.0,1.0,211.0,896.0,0.0,1692.0,6707.0,618.0,2875.0,495.0,0.0,5730.0,57435.0,10418.0,0.0,4.0,56.0,16.0,40.0,9.0,5.0,2.0,48.0,2.0,1.0,1.0,197.0
889,18.0,253.0,187.0,0.0,37.0,93.0,66.0,23.0,90.0,27.0,58.0,332.0,15.0,1275.0,26.0,41.0,0.0,17.0,752.0,19.0,7.0,50.0,78.0,13.0,4.0,107.0,47.0,21.0,102.0,162.0,10.0,372.0,257.0,818.0,55.0,0.0,10.0,15.0,14.0,10.0,3.0,0.0,0.0,25.0,5.0,9.0,7.0,57.0,0.0,1.0,2.0,1.0,49.0,14.0,0.0,0.0,0.0,13.0,22.0,8.0,19.0,16.0,39.0,5.0,8.0,1.0,65.0,0.0,2.0,4.0,5.0,0.0,0.0,0.0,2.0,0.0,0.0,14.0,49.0,0.0,53.0,10.0,0,6.0,1.0,0,0,34.0,0,32.0,9.0,0.0,0.0,39.0,87.0,0.0,44.0,0.0,10.0,0.0,59.0,82.0,49.0,3.0,0.0,104.0,24.0,261.0,541.0,0.0,1310.0,3649.0,329.0,1381.0,894.0,5456.0,0.0,34135.0,5059.0,1.0,14.0,61.0,63.0,28.0,0.0,1.0,1.0,5.0,1.0,0.0,1.0,63.0
877,62.0,13100.0,1137.0,23.0,560.0,847.0,344.0,340.0,899.0,236.0,279.0,6794.0,34.0,27625.0,210.0,156.0,24.0,126.0,19202.0,91.0,12.0,181.0,162.0,79.0,38.0,657.0,222.0,44.0,1399.0,7822.0,74.0,44059.0,38970.0,34393.0,933.0,8.0,26.0,130.0,122.0,87.0,20.0,3.0,0.0,1682.0,28.0,82.0,32.0,377.0,0.0,46.0,20.0,30.0,2356.0,189.0,0.0,0.0,0.0,161.0,175.0,59.0,123.0,364.0,855.0,213.0,753.0,93.0,244.0,28.0,32.0,27.0,316.0,46.0,28.0,0.0,29.0,11.0,11.0,55.0,179.0,11.0,98.0,72.0,0,19.0,13.0,0,0,59.0,0,80.0,34.0,1.0,0.0,167.0,423.0,0.0,84.0,0.0,39.0,0.0,391.0,359.0,1831.0,11022.0,274.0,859.0,1608.0,995.0,13050.0,58412.0,31.0,322443.0,18942.0,85972.0,5233.0,62862.0,31655.0,0.0,158645.0,5762.0,23409.0,867.0,1018.0,5708.0,17.0,12.0,24.0,63.0,9.0,2.0,88.0,220.0
887,33.0,790.0,783.0,1.0,21.0,261.0,208.0,105.0,253.0,157.0,156.0,1173.0,20.0,3362.0,140.0,154.0,1.0,73.0,2448.0,99.0,17.0,110.0,152.0,39.0,10.0,655.0,103.0,84.0,241.0,465.0,10.0,1732.0,1691.0,2434.0,201.0,0.0,12.0,77.0,57.0,70.0,9.0,1.0,0.0,188.0,11.0,56.0,18.0,291.0,0.0,10.0,6.0,16.0,379.0,79.0,0.0,0.0,0.0,43.0,139.0,17.0,45.0,74.0,138.0,37.0,15.0,1.0,87.0,1.0,1.0,7.0,15.0,1.0,0.0,0.0,1.0,3.0,0.0,36.0,54.0,0.0,212.0,63.0,0,9.0,9.0,0,0,70.0,0,141.0,41.0,0.0,0.0,119.0,368.0,0.0,196.0,0.0,21.0,0.0,276.0,311.0,137.0,4.0,10.0,514.0,56.0,788.0,1842.0,5.0,4917.0,8799.0,1008.0,20096.0,10052.0,10478.0,5463.0,159129.0,0.0,640.0,205.0,277.0,122.0,165.0,5.0,56.0,10.0,51.0,0.0,0.0,2.0,223.0
888,2.0,21.0,21.0,0.0,0.0,5.0,6.0,11.0,22.0,2.0,6.0,39.0,0.0,73.0,7.0,6.0,0.0,0.0,111.0,4.0,0.0,0.0,6.0,0.0,0.0,16.0,3.0,15.0,18.0,26.0,0.0,54.0,52.0,75.0,7.0,0.0,1.0,2.0,1.0,2.0,0.0,0.0,0.0,8.0,0.0,1.0,1.0,3.0,0.0,1.0,0.0,0.0,33.0,0.0,0.0,0.0,0.0,2.0,8.0,0.0,3.0,0.0,7.0,2.0,1.0,0.0,3.0,0.0,0.0,0.0,0.0,0.0,0.0,0.0,0.0,0.0,0.0,1.0,0.0,0.0,5.0,1.0,0,0.0,0.0,0,0,4.0,0,7.0,0.0,0.0,0.0,8.0,23.0,0.0,4.0,0.0,0.0,0.0,8.0,15.0,6.0,2.0,1.0,5.0,1.0,18.0,193.0,0.0,184.0,334.0,68.0,560.0,605.0,0.0,1.0,4180.0,1593.0,0.0,5.0,8.0,4.0,4.0,0.0,1.0,0.0,2.0,0.0,0.0,0.0,8.0
896,141.0,1313.0,1130.0,6048.0,100.0,2845.0,1347.0,839.0,2671.0,1084.0,665.0,4400.0,94.0,20553.0,104.0,185.0,1445.0,375.0,7786.0,71.0,20.0,962.0,244.0,85.0,13.0,838.0,183.0,48.0,733.0,2988.0,127.0,4103.0,3430.0,0.0,2488.0,33.0,207.0,309.0,366.0,523.0,917.0,34.0,0.0,544.0,304.0,69.0,23.0,1117.0,0.0,21.0,45.0,231.0,114.0,787.0,0.0,0.0,0.0,280.0,477.0,34.0,102.0,248.0,744.0,418.0,603.0,77.0,198.0,18.0,10.0,5.0,398.0,32.0,22.0,0.0,27.0,6.0,6.0,49.0,109.0,3.0,179.0,66.0,0,15.0,14.0,0,0,66.0,0,99.0,71.0,0.0,4.0,160.0,594.0,0.0,175.0,0.0,80.0,0.0,331.0,416.0,294.0,91.0,40.0,4671.0,60.0,1207.0,24.0,923.0,0.0,616.0,65.0,128.0,10.0,3.0,21.0,24698.0,244.0,5.0,0.0,331802.0,10332.0,7659.0,15.0,12.0,8.0,56.0,8.0,2.0,1.0,349.0
892,17.0,1081.0,163.0,7683.0,150.0,7189.0,330.0,1497.0,1259.0,501.0,419.0,20001.0,150.0,8119.0,23.0,15.0,1103.0,1401.0,11130.0,2.0,3.0,308.0,27.0,43.0,10.0,86.0,21.0,4.0,124.0,1638.0,9.0,1095.0,1518.0,1.0,1654.0,17.0,50.0,193.0,119.0,148.0,51.0,29.0,0.0,457.0,108.0,86.0,29.0,739.0,0.0,48.0,28.0,21.0,1087.0,106.0,0.0,0.0,0.0,167.0,353.0,20.0,75.0,320.0,113.0,84.0,105.0,8.0,34.0,0.0,6.0,1.0,46.0,4.0,1.0,0.0,6.0,5.0,2.0,15.0,22.0,1.0,9.0,9.0,0,2.0,1.0,0,0,3.0,0,9.0,1.0,0.0,0.0,20.0,53.0,0.0,16.0,0.0,4.0,0.0,38.0,45.0,4896.0,2400.0,367.0,261.0,1398.0,329.0,60.0,352.0,0.0,348.0,43.0,213.0,22.0,87.0,78.0,1931.0,398.0,15.0,342251.0,0.0,90641.0,52022.0,5.0,2.0,0.0,14.0,1.0,1.0,1.0,43.0
894,45.0,520.0,141.0,3768.0,37.0,3394.0,396.0,430.0,1246.0,361.0,293.0,1943.0,20.0,3468.0,19.0,16.0,468.0,272.0,941.0,12.0,0.0,175.0,26.0,29.0,3.0,93.0,5.0,7.0,163.0,437.0,13.0,456.0,766.0,0.0,1807.0,2.0,39.0,343.0,145.0,121.0,12.0,1.0,0.0,314.0,181.0,70.0,48.0,352.0,0.0,11.0,29.0,102.0,324.0,217.0,0.0,0.0,0.0,145.0,250.0,20.0,38.0,18.0,84.0,62.0,70.0,5.0,38.0,2.0,4.0,2.0,70.0,5.0,2.0,0.0,1.0,2.0,1.0,7.0,17.0,0.0,19.0,10.0,0,2.0,3.0,0,0,11.0,0,16.0,5.0,0.0,0.0,13.0,60.0,0.0,17.0,0.0,10.0,0.0,38.0,46.0,104.0,265.0,29.0,1349.0,33.0,295.0,17.0,249.0,0.0,130.0,32.0,71.0,3.0,30.0,61.0,1148.0,154.0,9.0,10439.0,89835.0,0.0,3870.0,4.0,0.0,1.0,8.0,6.0,0.0,1.0,70.0
895,56.0,629.0,155.0,3883.0,27.0,1861.0,191.0,277.0,468.0,203.0,81.0,1370.0,15.0,6149.0,8.0,22.0,334.0,93.0,1875.0,15.0,0.0,169.0,32.0,2.0,3.0,120.0,7.0,14.0,107.0,407.0,4.0,542.0,682.0,0.0,574.0,1.0,44.0,81.0,83.0,57.0,18.0,3.0,0.0,51.0,34.0,15.0,7.0,93.0,0.0,2.0,4.0,63.0,76.0,64.0,0.0,0.0,0.0,20.0,56.0,6.0,6.0,31.0,182.0,36.0,124.0,10.0,33.0,2.0,1.0,0.0,274.0,4.0,4.0,0.0,4.0,5.0,4.0,10.0,14.0,0.0,19.0,18.0,0,3.0,0.0,0,0,2.0,0,31.0,2.0,0.0,0.0,13.0,88.0,0.0,13.0,0.0,16.0,0.0,50.0,195.0,71.0,490.0,8.0,1503.0,17.0,296.0,21.0,174.0,0.0,284.0,66.0,69.0,5.0,77.0,35.0,7456.0,156.0,5.0,8239.0,52665.0,3723.0,0.0,0.0,1.0,2.0,9.0,5.0,0.0,1.0,28.0
903,7.0,3.0,66.0,0.0,1.0,0.0,1.0,1.0,6.0,21.0,5.0,6.0,5.0,6.0,211.0,372.0,0.0,8.0,5.0,48.0,156.0,122.0,26.0,280.0,36.0,73.0,36.0,42.0,28.0,10.0,6.0,6.0,1.0,23.0,54.0,1.0,0.0,0.0,1.0,10.0,0.0,0.0,0.0,1.0,0.0,0.0,0.0,0.0,0.0,0.0,0.0,0.0,4.0,0.0,0.0,0.0,0.0,0.0,1.0,0.0,4.0,2.0,7.0,1.0,6.0,6.0,33.0,0.0,0.0,1.0,3.0,0.0,0.0,0.0,0.0,4.0,0.0,3.0,108.0,0.0,304.0,6.0,0,130.0,175.0,0,0,4.0,0,7.0,5.0,0.0,0.0,80.0,19.0,0.0,272.0,0.0,74.0,0.0,248.0,49.0,16.0,6.0,2.0,12.0,0.0,29.0,0.0,7.0,0.0,2.0,0.0,0.0,0.0,49.0,1.0,5.0,1.0,0.0,3.0,9.0,6.0,1.0,0.0,3894.0,53.0,866.0,0.0,0.0,2.0,7.0
902,185.0,23.0,222.0,0.0,0.0,1.0,6.0,0.0,2.0,10.0,22.0,6.0,32.0,64.0,182.0,1012.0,0.0,5.0,24.0,135.0,26.0,161.0,1022.0,1124.0,27.0,138.0,273.0,94.0,42.0,154.0,26.0,251.0,13.0,97.0,1.0,5.0,1.0,6.0,10.0,1.0,2.0,0.0,0.0,24.0,0.0,2.0,2.0,4.0,0.0,0.0,0.0,2.0,22.0,2.0,0.0,0.0,0.0,0.0,1.0,3.0,4.0,30.0,58.0,2.0,70.0,5.0,37.0,1.0,1.0,1.0,4.0,1.0,0.0,0.0,2.0,45.0,3.0,18.0,314.0,0.0,66.0,2.0,0,451.0,741.0,0,0,0.0,0,2.0,0.0,1.0,0.0,7.0,6.0,0.0,322.0,0.0,166.0,0.0,41.0,9.0,2.0,7.0,0.0,7.0,10.0,3.0,2.0,6.0,0.0,30.0,1.0,14.0,1.0,3.0,3.0,20.0,62.0,2.0,10.0,4.0,0.0,1.0,4699.0,0.0,2.0,587.0,7.0,3.0,86.0,4.0
901,356.0,33.0,886.0,0.0,1.0,7.0,26.0,3.0,9.0,26.0,22.0,27.0,275.0,135.0,1666.0,1167.0,0.0,23.0,87.0,905.0,69.0,588.0,3100.0,2067.0,166.0,471.0,1189.0,419.0,96.0,143.0,147.0,154.0,31.0,118.0,20.0,24.0,8.0,78.0,97.0,17.0,5.0,0.0,0.0,284.0,3.0,2.0,0.0,13.0,0.0,1.0,0.0,1.0,37.0,4.0,0.0,0.0,0.0,3.0,7.0,4.0,8.0,21.0,45.0,13.0,21.0,3.0,41.0,0.0,0.0,5.0,5.0,3.0,1.0,0.0,4.0,136.0,1.0,146.0,2144.0,0.0,394.0,9.0,0,2398.0,4463.0,0,0,3.0,0,3.0,11.0,0.0,0.0,7.0,13.0,0.0,1193.0,0.0,937.0,0.0,27.0,48.0,10.0,18.0,1.0,12.0,5.0,17.0,2.0,11.0,0.0,65.0,2.0,12.0,0.0,16.0,2.0,98.0,31.0,0.0,38.0,7.0,9.0,1.0,17.0,7.0,0.0,1788.0,79.0,13.0,231.0,64.0
900,292.0,60.0,2066.0,0.0,3.0,14.0,44.0,8.0,36.0,33.0,19.0,42.0,132.0,156.0,1385.0,590.0,0.0,34.0,141.0,3519.0,91.0,266.0,2209.0,1112.0,262.0,922.0,940.0,254.0,175.0,174.0,97.0,362.0,63.0,187.0,16.0,11.0,2.0,141.0,77.0,12.0,10.0,0.0,0.0,325.0,1.0,9.0,5.0,6.0,0.0,1.0,2.0,1.0,61.0,5.0,0.0,0.0,0.0,11.0,3.0,14.0,48.0,103.0,225.0,79.0,128.0,11.0,118.0,3.0,1.0,4.0,36.0,1.0,7.0,0.0,6.0,233.0,2.0,339.0,1257.0,1.0,1150.0,83.0,0,4004.0,4221.0,0,0,123.0,0,130.0,93.0,8.0,0.0,394.0,36.0,0.0,5951.0,0.0,1731.0,0.0,63.0,114.0,11.0,58.0,0.0,7.0,11.0,38.0,6.0,22.0,0.0,153.0,8.0,26.0,3.0,41.0,6.0,72.0,44.0,1.0,41.0,7.0,5.0,7.0,902.0,692.0,1537.0,0.0,113.0,46.0,435.0,158.0
914,6.0,8.0,3682.0,0.0,0.0,3.0,0.0,1.0,0.0,1.0,0.0,11.0,10.0,16.0,280.0,387.0,0.0,2.0,27.0,220.0,17.0,29.0,41.0,16.0,11.0,2146.0,149.0,29.0,48.0,29.0,1.0,12.0,2.0,9.0,2.0,0.0,2.0,5.0,6.0,2.0,2.0,0.0,0.0,44.0,0.0,0.0,1.0,0.0,0.0,0.0,0.0,0.0,4.0,0.0,0.0,0.0,0.0,0.0,0.0,104.0,353.0,1183.0,1999.0,467.0,1017.0,151.0,876.0,35.0,47.0,99.0,243.0,57.0,27.0,0.0,38.0,2357.0,10.0,1505.0,34642.0,13.0,287.0,91.0,0,5.0,4.0,0,0,73.0,0,146.0,52.0,0.0,2.0,302.0,1071.0,0.0,160.0,0.0,25.0,0.0,570.0,1392.0,2.0,4.0,0.0,2.0,0.0,0.0,0.0,2.0,0.0,13.0,1.0,2.0,0.0,3.0,4.0,10.0,0.0,0.0,16.0,0.0,4.0,4.0,16.0,5.0,27.0,183.0,0.0,1517.0,7972.0,16747.0
915,7.0,0.0,293.0,0.0,0.0,0.0,0.0,0.0,0.0,1.0,0.0,0.0,1.0,3.0,66.0,79.0,0.0,1.0,3.0,42.0,3.0,15.0,70.0,15.0,1.0,541.0,198.0,21.0,24.0,6.0,2.0,3.0,1.0,3.0,0.0,0.0,0.0,4.0,3.0,2.0,3.0,0.0,0.0,16.0,0.0,0.0,0.0,0.0,0.0,0.0,0.0,0.0,0.0,0.0,0.0,0.0,0.0,0.0,0.0,37.0,119.0,274.0,924.0,295.0,759.0,80.0,189.0,22.0,29.0,92.0,629.0,23.0,13.0,0.0,17.0,4285.0,7.0,1258.0,130897.0,6.0,114.0,32.0,0,2.0,3.0,0,0,28.0,0,26.0,3.0,1.0,0.0,47.0,149.0,0.0,45.0,0.0,10.0,0.0,118.0,396.0,1.0,0.0,0.0,0.0,0.0,0.0,0.0,1.0,0.0,3.0,1.0,1.0,0.0,0.0,0.0,1.0,0.0,0.0,2.0,1.0,0.0,0.0,3.0,3.0,10.0,46.0,945.0,0.0,4903.0,17285.0
916,46.0,6.0,9142.0,0.0,1.0,3.0,1.0,1.0,1.0,21.0,2.0,10.0,63.0,21.0,2255.0,2556.0,0.0,1.0,12.0,760.0,38.0,136.0,285.0,146.0,77.0,9404.0,570.0,185.0,129.0,43.0,158.0,35.0,10.0,109.0,2.0,1.0,1.0,24.0,54.0,7.0,2.0,0.0,0.0,248.0,1.0,0.0,0.0,1.0,0.0,0.0,0.0,1.0,8.0,3.0,0.0,0.0,0.0,1.0,0.0,845.0,1725.0,5394.0,8928.0,2765.0,9791.0,842.0,4319.0,309.0,222.0,1418.0,3737.0,249.0,146.0,0.0,277.0,3774.0,51.0,11941.0,143686.0,34.0,912.0,228.0,0,38.0,30.0,0,0,717.0,0,380.0,501.0,3.0,3.0,1871.0,6683.0,0.0,657.0,0.0,90.0,0.0,4163.0,4333.0,1.0,9.0,1.0,2.0,0.0,6.0,0.0,4.0,0.0,26.0,3.0,3.0,0.0,4.0,2.0,93.0,4.0,0.0,7.0,2.0,0.0,1.0,26.0,102.0,61.0,783.0,9068.0,9116.0,0.0,150028.0
913,81.0,292.0,1433.0,1.0,6.0,37.0,5.0,18.0,8.0,2.0,7.0,157.0,49.0,1054.0,232.0,650.0,0.0,5.0,868.0,111.0,18.0,67.0,489.0,104.0,37.0,2115.0,171.0,71.0,1168.0,1843.0,15.0,380.0,145.0,567.0,18.0,0.0,0.0,14.0,21.0,4.0,3.0,0.0,0.0,65.0,2.0,1.0,3.0,3.0,0.0,0.0,0.0,0.0,24.0,1.0,0.0,0.0,0.0,3.0,5.0,1656.0,7190.0,9375.0,15678.0,5308.0,13244.0,1194.0,11612.0,352.0,352.0,794.0,3518.0,528.0,296.0,0.0,426.0,18917.0,128.0,4714.0,309674.0,171.0,207.0,52.0,0,14.0,15.0,0,0,68.0,0,67.0,29.0,0.0,0.0,252.0,3652.0,0.0,145.0,0.0,33.0,0.0,2038.0,1596.0,83.0,264.0,10.0,37.0,72.0,33.0,34.0,83.0,0.0,758.0,55.0,131.0,6.0,223.0,62.0,65.0,229.0,7.0,295.0,26.0,21.0,17.0,6.0,5.0,24.0,211.0,20674.0,15385.0,176239.0,0.0
