,8,11,12,13,14,15,19,20,21,22,23,24,25,27,28,49,50,51,52,53,54,55,56,58,60,61,63,65,66,67,68,70,98,99,102,103,127,128,129,130,132,133,480,481,483,511,512,514,516,518,519,521,522,524,525,526,527,528,832,856,857,859,860,862,863,877,879,882,883,884,885,886,887,888,889,890,892,894,895,896,900,901,902,903,906,907,908,909,910,911,913,914,915,916,917,918,919,920,921,922,923,924,926,927,928,929,930,931,932,933,934,936,937,938,939,940,941,942,946,880,47,48,57,59,62,64,126,482,513,515,517,523,529,592,593,594,595,881,893,897,925,935,943
8,1129,22757,19156,36557,10586,12281,4,2861,40642,5,23407,112,1812,412,477,9,39,16,89,917,898,4238,80,149,101,170,78,36,41,95,50724,9548,8888,8327,14,21852,250,497,638,439,2003,37,2732,1209,5895,24238,15355,8808,11174,6430,4442,3539,17,530,933,1724,2428,28628,598,280,1148,1666,164,1461,8946,2507,1787,8063,2888,2623,197,267,1957,122,477,9562,314,598,738,11461,2985,840,324,1856,1376,892,891,878,3646,6581,6172,5823,1421,23371,8712,4408,1019,2591,11746,4196,6397,1539,716,55,607,6313,4288,6258,8253,67,413,168,164,3525,275,2940,35,1353,207,0,0,0,0,0,0,0,0,0,0,0,0,0,0,0,0,0,0,0,0,0,0,0,0
11,18916,621,5203,21285,10902,19524,6,3281,14026,1,20901,267,2160,819,1393,4,17,6,74,323,347,2912,144,111,235,310,121,51,189,109,58862,2785,8058,7265,27,2486,353,238,207,322,1084,8,2781,1464,5656,439,500,1197,3066,3446,3234,1608,5,458,1077,1900,1579,14007,1496,614,1698,1755,186,1305,7083,4537,3509,7035,1909,1933,177,167,1006,120,369,6323,428,1248,1087,8480,1548,360,416,750,609,427,342,259,631,1594,5117,119,106,244,1292,499,171,441,1464,499,1181,298,187,20,207,2429,1686,1991,4936,34,128,84,65,2088,90,1437,24,1940,37,0,0,0,0,0,0,0,0,0,0,0,0,0,0,0,0,0,0,0,0,0,0,0,0
12,15632,3199,394,13173,11969,31010,9,9539,7884,4,79811,691,8060,4432,8713,13,68,30,147,805,931,7281,814,1015,1282,1826,674,298,603,552,20019,1078,23685,37916,138,1131,2219,1825,688,2660,2307,20,4132,1138,6105,528,613,1459,4033,2986,2085,1760,4,325,795,1812,1226,16269,6729,3645,10669,4681,474,3405,25315,27501,3363,6505,1023,4029,122,221,1664,119,467,7738,4307,4221,5357,51635,1205,365,207,1064,909,587,359,384,1262,2885,4476,40,8,96,784,465,182,381,1091,487,1227,288,114,14,656,2456,2472,2996,3200,26,108,336,277,1884,26,1633,158,19033,23,1,0,0,0,0,0,0,0,0,0,0,0,0,0,0,0,0,0,0,0,0,0,0,0
13,52003,20313,14670,932,6751,18606,9,6350,15311,17,47293,539,6609,3555,9107,12,50,60,346,960,1046,5710,1070,967,2083,1771,837,263,225,901,9507,1008,23698,31382,250,718,2177,1962,1599,2456,2203,27,4735,2190,7792,333,445,1169,3601,7429,4729,3322,21,572,1680,3910,2461,22762,6839,6870,7634,4524,337,3898,27305,107434,3239,10103,2616,3962,329,421,4821,360,1231,10828,4379,3074,3853,44298,1964,846,649,1593,1142,515,472,262,1154,3171,2126,42,15,85,2519,1779,737,877,1848,568,1557,230,108,17,549,4562,3353,3589,8389,28,184,97,118,1885,36,2226,253,19999,16,0,0,0,0,0,0,0,0,0,0,0,0,0,0,0,0,0,0,0,0,0,0,0,0
14,10877,11002,11598,6749,637,7545,9,3066,6758,12,22386,316,8638,2962,4142,9,25,39,273,867,767,3234,358,609,1359,966,511,194,348,422,1942,416,10636,23194,177,269,1589,1527,1261,2589,807,19,1271,511,2571,77,147,334,964,1995,790,1060,2,150,275,643,696,7127,6089,4721,4708,2664,607,2399,12833,89236,1577,2907,778,1221,71,253,2574,96,442,2847,3653,3134,2017,28223,492,184,55,582,259,117,100,89,259,695,1357,23,3,38,1523,1059,324,450,1076,405,711,108,54,10,111,981,594,995,2449,19,53,41,46,1122,15,398,239,17147,22,4,0,0,0,0,0,0,0,0,0,0,0,0,0,0,0,0,0,0,0,0,0,0,0
15,11827,19271,31194,16317,8253,55,2,15,15242,1,2,2,0,1,3,1,0,0,2,15,12,58,1,0,3,3,0,0,2,3,844,878,17,8,0,275,4,6,9,6,60,0,1626,1211,3942,57,106,220,914,3218,1433,1454,7,307,537,1383,1246,8954,2,1,1,0,1,1,5,67287,2347,13839,2965,7451,1038,1166,6571,522,2229,11520,0,1,0,4,1031,262,224,509,55,40,41,52,149,408,3586,31,6,21,2433,1972,603,2061,4299,1578,2478,454,200,65,142,1080,685,1520,3507,63,321,207,266,3792,70,431,0,10,103,2,0,0,0,0,0,0,0,0,0,0,0,0,0,0,0,0,0,0,0,0,0,0,0
19,9,5,11,18,32,1,66,7394,12,11,113931,907,18790,4726,9544,12,39,43,270,708,850,3750,369,612,1070,2031,585,358,424,418,0,0,27954,37792,171,0,3045,3566,934,2422,831,22,1,1,3,0,0,0,0,0,1,0,0,0,1,0,0,19,8082,6982,13941,4630,697,4125,15470,34,11,4,1,3,0,0,3,1,0,3,5253,5368,6647,28353,0,0,0,2,273,145,51,47,46,30,1,0,0,1,2,0,2,2,6,1,2,1,0,0,3,2,1,2,3,1,0,0,0,9,0,7,157,12176,0,0,0,0,0,0,0,0,0,0,0,0,0,0,0,0,0,0,0,0,0,0,0,0,0
20,2070,2359,7410,4185,2420,14,6310,629,3478,106,46886,1105,11347,1779,3634,8,31,41,189,236,411,2162,222,543,542,1022,320,252,128,178,219,229,18891,15869,106,56,962,1245,719,959,513,8,483,286,992,22,33,100,501,597,391,268,2,65,139,280,355,2042,4769,6918,5312,2959,439,2009,7719,27163,1275,1255,526,1104,71,396,2185,121,664,1586,3072,2284,1870,12313,228,45,32,76,134,308,39,25,54,118,1181,16,0,6,608,378,177,348,810,394,527,138,64,22,31,273,178,559,678,16,57,42,58,826,36,132,130,4713,29,0,0,0,0,0,0,0,0,0,0,0,0,0,0,0,0,0,0,0,0,0,0,0,0
21,38945,13351,11297,17187,7458,16306,5,5101,1762,5,16534,197,2000,669,913,14,63,39,271,1718,2100,10252,167,167,410,182,164,43,73,132,201636,25782,15316,7351,44,18823,558,952,824,804,5194,104,9546,6065,36838,45226,33135,14526,21907,41131,24469,14238,30,2650,5337,6517,5457,28804,839,690,1361,1940,282,1601,10146,4552,2255,9159,1800,2870,179,256,1993,198,553,5364,486,880,1034,9910,8652,1082,720,1405,3210,2636,1553,1589,8121,14920,4795,7224,795,23683,4848,2173,1276,4881,14294,6276,7346,1071,301,98,1378,7761,6462,15107,23647,65,393,223,246,3754,326,6066,42,3497,495,0,0,0,0,0,0,0,0,0,0,0,0,0,0,0,0,0,0,0,0,0,0,0,0
22,2,7,14,13,7,0,17,119,4,2808,21740,2351,48435,6206,16716,32,173,321,943,1081,2025,5781,580,1341,3322,3773,1300,407,383,1095,0,1,198,75241,496,1,4056,5415,2793,4353,2484,58,0,0,2,0,1,0,0,3,6,1,0,0,0,1,0,10,23236,122140,10622,7430,1975,5855,16737,52,4,9,0,3,0,0,3,1,1,9,27006,7563,7532,21960,3,0,0,6,572,322,116,75,219,231,2,0,0,1,0,1,0,0,2,0,3,12,0,0,5,16,12,13,4,0,0,0,0,6,0,110,308,9269,1,0,0,0,0,0,0,0,0,0,0,0,0,0,0,0,0,0,0,0,0,0,0,0,0
23,46618,29657,92816,48963,30596,18,117067,58757,16520,23102,1591,2725,40718,15632,35793,62,268,453,3055,2744,4098,17119,1723,4130,5528,7812,2883,777,2659,2667,621,1166,164804,82709,1078,572,9341,11622,7545,11433,5770,123,2289,1383,4775,62,98,427,1286,3331,2374,1622,5,305,579,1943,2127,97832,36359,297292,44253,9211,1724,8759,38283,69731,14465,13145,2639,8551,662,1859,11421,841,3711,5913,46749,4174,7168,57964,1865,1443,259,4024,1213,1199,255,153,616,650,5541,79,19,32,3105,2248,775,1780,6195,2523,4677,905,262,75,152,1294,799,2146,4517,86,460,267,313,5446,61,411,689,29410,159,2,0,0,0,0,0,0,0,0,0,0,0,0,0,0,0,0,0,0,0,0,0,0,0
24,416,677,2267,2522,1720,1,2927,4374,594,5784,6691,5513,3581,2497,4869,12,28,57,196,231,310,2262,133,282,475,600,576,93,90,308,37,48,17891,7647,155,9,771,772,619,794,378,6,53,40,190,2,10,23,37,137,70,64,0,13,17,34,26,666,2016,202408,11528,19768,3453,4782,17494,3676,669,581,98,313,19,86,664,38,202,173,11084,414,509,3625,21,18,12,29,114,162,27,17,24,50,148,12,4,9,344,65,26,96,346,134,202,66,16,5,9,27,26,72,165,5,13,10,36,572,1,16,75,4862,2,0,0,0,0,0,0,0,0,0,0,0,0,0,0,0,0,0,0,0,0,0,0,0,0
25,1458,1449,6199,3814,6002,1,13912,8856,1291,34995,24719,428,385,9440,20216,20,87,121,887,1690,1640,6018,679,1039,2126,5693,1498,435,436,1061,21,81,32117,58716,293,110,4034,5855,3667,5400,2361,38,72,73,210,2,13,23,58,201,150,80,1,23,16,152,149,3135,19640,4139,3045,17901,1115,6787,18338,2059,2267,3218,462,1446,114,215,1324,71,394,781,30392,16556,11772,27877,97,98,107,298,605,548,116,61,102,201,250,6,2,1,301,242,83,108,618,165,453,81,46,3,25,88,53,239,267,2,35,18,31,458,4,69,333,12602,12,4,0,0,0,0,0,0,0,0,0,0,0,0,0,0,0,0,0,0,0,0,0,0,0
27,713,902,4375,3212,2877,1,4629,2363,630,7099,14809,367,9572,261,15468,125,427,549,3227,3772,6305,13312,22516,10162,10184,18039,3425,1933,1022,2142,19,44,20083,57540,7804,45,25259,36681,9964,12966,9022,247,48,33,107,3,8,17,25,101,69,81,0,6,25,40,110,2631,6345,1252,2792,6427,449,2517,32028,1600,1209,1552,313,1168,51,174,966,109,264,878,7483,3763,1838,10584,160,125,17,290,2006,2076,453,483,897,802,162,5,1,3,257,150,33,118,551,256,476,109,56,2,194,383,163,562,312,17,38,37,19,833,4,392,639,23898,13,0,0,0,0,0,0,0,0,0,0,0,0,0,0,0,0,0,0,0,0,0,0,0,0
28,1148,1538,8751,9783,5539,1,10720,4800,1003,20282,39518,445,22544,15176,60,282,885,856,6968,10623,17786,45272,50690,29300,10827,38347,25508,4301,8289,6214,28,108,34019,182048,17923,79,37003,121814,39218,66015,21697,506,69,57,136,6,7,19,41,122,66,113,0,26,23,76,231,5632,44225,1130,5632,10423,885,6847,39522,3389,2301,3183,729,2108,178,464,2453,178,574,1304,8328,9228,3713,19770,392,265,74,554,7163,5940,1153,884,1449,1922,327,7,2,4,387,226,86,206,1098,976,1028,247,146,9,318,1200,475,1936,839,13,68,69,39,1407,6,958,1975,100368,40,0,0,0,0,0,0,0,0,0,0,0,0,0,0,0,0,0,0,0,0,0,0,0,0
49,26,9,19,12,5,0,18,9,33,34,58,2,27,139,234,51,10775,24880,45984,24799,13215,37763,9,20,57,54,67,45,22,64,0,3,53,440,15,1,130,162,382,264,557,2112430,8,3,10,0,1,4,0,3,4,4,0,1,2,6,7,114,107,12,24,21,1,25,172,5,1,4,0,2,1,1,4,1,4,43,24,39,19,230,8,5,6,13,106,42,14,10,57,70,3,0,0,2,4,1,1,2,8,7,10,0,0,0,16,54,10,45,11,0,0,0,0,5,0,18,18,802,2,0,0,0,0,0,0,0,0,0,0,0,0,0,0,0,0,0,0,0,0,0,0,0,0
50,130,34,110,119,66,2,51,27,79,190,215,1,98,433,955,16574,1218,29568,194002,64763,74958,93028,71,100,339,327,436,72,140,337,4,9,266,2029,96,8,653,905,1148,635,1813,1591034,16,20,48,0,3,6,9,99,29,18,0,14,15,41,30,981,394,20,54,132,18,56,823,49,9,11,5,13,0,0,22,0,4,14,64,76,37,1347,69,94,5,151,494,337,124,72,586,615,13,3,1,14,30,6,9,14,42,13,39,11,1,0,110,350,98,327,136,1,10,1,0,69,0,154,53,2849,0,0,0,0,0,0,0,0,0,0,0,0,0,0,0,0,0,0,0,0,0,0,0,0,0
51,47,9,38,69,27,1,36,31,67,281,321,2,106,436,843,36458,36131,228,117629,65580,73769,31828,73,441,752,270,390,82,95,238,7,5,411,2084,140,2,1189,1765,2073,680,1461,2192161,26,26,49,3,3,3,52,69,38,25,1,5,20,36,7,201,587,18,44,71,5,93,1257,52,12,8,4,27,1,6,29,5,17,14,60,87,94,457,37,14,12,25,176,130,67,42,422,592,10,2,3,11,14,5,0,17,35,5,40,9,1,0,91,221,53,116,47,0,7,2,2,73,0,103,73,1946,0,0,0,0,0,0,0,0,0,0,0,0,0,0,0,0,0,0,0,0,0,0,0,0,0
52,220,85,394,252,225,5,281,184,164,1270,1877,84,795,3102,7371,74218,201039,127247,677,69471,120462,132259,3340,5286,4876,1589,1640,225,933,1053,7,21,2625,9778,3670,60,5230,3721,1684,7727,5645,1399122,53,60,133,4,7,10,32,101,52,35,1,9,33,63,49,811,4760,94,597,800,67,545,5819,182,206,214,62,235,6,19,383,15,105,382,478,892,477,5987,148,50,22,178,695,522,304,218,2202,1870,27,3,3,16,44,39,11,20,127,76,80,12,12,1,268,495,123,400,183,7,54,9,3,156,1,302,198,9228,0,0,0,0,0,0,0,0,0,0,0,0,0,0,0,0,0,0,0,0,0,0,0,0,0
53,1319,299,828,928,767,5,861,338,1393,1681,3132,41,2082,8659,18863,57538,67324,70861,82155,154,16038,109640,8714,6712,5144,1757,3005,349,2669,642,25,89,4246,12861,13709,43,4672,4085,4324,14123,3136,601864,405,248,659,10,19,44,94,595,281,249,2,63,196,360,283,3984,5538,129,584,1534,140,1054,6468,494,174,465,158,305,14,79,323,15,60,313,821,1471,1195,3235,1068,554,128,658,7014,6566,2986,2583,18983,16971,121,28,12,58,366,537,61,158,956,383,497,205,189,4,1518,5578,976,4087,2020,11,60,98,13,1033,9,2502,136,4411,32,0,0,0,0,0,0,0,0,0,0,0,0,0,0,0,0,0,0,0,0,0,0,0,0
54,1903,468,1044,1324,1179,14,1407,669,2502,3200,5070,56,2926,10766,28045,25218,86899,82505,142914,22435,391,69601,17655,14187,9406,2558,6920,957,4507,821,40,126,7602,15372,22724,102,8111,9247,10756,24473,3367,931694,815,402,1467,8,36,56,233,1096,551,578,0,138,400,596,626,5638,9664,203,1294,2249,144,2025,13201,1315,368,991,1028,986,40,135,816,47,149,481,1007,4610,3549,3634,1604,756,165,657,8239,6196,2384,3004,30991,23703,267,20,10,187,504,662,167,296,1341,649,970,272,145,1,2227,8576,1394,7032,3037,18,175,81,23,1468,79,3441,122,1334,28,0,0,0,0,0,0,0,0,0,0,0,0,0,0,0,0,0,0,0,0,0,0,0,0
55,5176,2005,5247,3986,2872,21,2833,1843,5127,5074,11828,89,3892,11374,38214,37345,52807,17516,81547,74067,48338,150,47356,21008,13528,2036,874,109,67,108,75,221,20979,13651,28897,252,9781,15199,7947,34119,6113,926451,971,1056,2118,45,83,197,477,2125,896,972,23,353,684,1646,1258,38541,13993,447,2714,2664,246,1702,87683,4686,750,1062,333,1733,43,352,1401,81,369,1747,2700,1408,587,1694,3263,1737,656,3071,5224,4302,2417,3354,39966,24810,442,84,23,678,892,1219,315,580,5078,1613,2361,1977,1982,36,2522,12108,2123,15496,4873,91,1291,392,138,21663,38,4911,31,125,0,0,0,0,0,0,0,0,0,0,0,0,0,0,0,0,0,0,0,0,0,0,0,0,0
56,1064,225,1468,1123,443,1,580,221,146,707,2320,15,1155,21769,63403,28,89,244,4615,7980,14577,73623,1405,25,35,363185,419543,52744,123169,174910,14,22,2486,33651,85,15,157252,63972,27527,56271,6859,243,16,14,59,8,4,5,22,44,18,89,2,21,14,133,514,18260,7659,81,844,1758,52,466,30676,224,91,254,47,186,35,60,214,9,127,609,671,2157,880,7942,528,608,245,704,1805,674,204,107,209,281,65,0,1,1,70,28,30,29,261,247,159,90,195,1,302,582,116,465,275,6,84,26,5,5046,1,196,29256,1278939,1,0,0,0,851420,1299937,0,0,0,0,0,0,0,0,0,0,0,0,0,0,0,0,0,0,0
58,303,130,932,781,556,0,565,461,141,1473,3043,38,1080,11474,38932,32,129,645,5580,6264,10387,33826,11,52,9,131812,205614,21726,47279,31389,5,10,2931,26647,13,14,39171,23036,17722,19623,8909,84,13,11,35,2,2,7,15,33,12,22,1,4,7,29,71,1955,8265,71,671,858,70,679,5802,354,105,194,29,128,20,31,355,12,62,231,747,1539,509,4695,74,72,20,229,1567,713,169,92,173,223,55,0,0,1,39,16,10,44,112,91,69,35,14,1,53,190,69,282,138,2,28,3,23,278,0,91,8726,185398,0,0,0,0,0,21459,0,0,0,0,0,0,0,0,0,0,0,0,0,0,0,0,0,0,0
60,258,84,428,1018,673,2,494,307,232,2171,2533,19,1080,8908,11084,101,488,986,6602,5966,9113,22780,22,8,45,57330,147791,149581,46495,64060,5,14,3046,25325,4,2,7083,36269,16197,6427,14133,185,31,44,80,2,4,5,12,153,47,77,1,16,35,132,95,1771,6956,114,538,614,77,343,3789,565,134,184,51,187,7,93,510,23,132,103,996,822,489,3206,145,121,36,328,2829,1986,405,284,444,781,10,3,0,0,21,33,8,41,310,81,177,39,21,1,141,474,154,665,271,5,5,11,7,168,0,411,24728,175317,4,4,0,0,0,0,0,0,0,0,0,0,0,0,0,0,0,0,0,0,0,0,0,0,0
61,264,401,1515,1469,930,2,1582,974,221,4043,6959,93,5449,18760,36050,106,263,249,1467,1563,1853,2602,301289,114033,38465,25,6,0,1,1,3,46,7038,24887,250656,3,3318,10239,4021,3332,2917,150,59,14,73,3,1,6,15,62,41,52,0,7,33,61,76,1419,13355,168,1038,1685,179,918,7489,586,580,594,162,466,42,270,521,41,93,252,1711,1349,427,3538,132,147,23,217,847,837,907,213,422,550,43,1,1,1,64,50,28,51,235,61,208,37,14,1,124,467,189,610,229,8,17,9,2,207,0,272,3,1,9,0,0,0,0,0,0,0,0,0,0,0,0,0,0,0,0,0,0,0,0,0,0,0,0
63,194,177,826,706,579,0,698,382,154,1639,2796,52,1620,3274,21847,79,434,402,1382,1233,1594,949,380677,198838,128698,4,20,0,0,2,4,14,4098,6214,113017,3,14320,12675,5768,7115,2753,153,14,15,71,1,2,4,9,64,54,43,0,9,14,77,112,1167,8894,112,523,894,85,626,3248,471,173,340,70,182,20,37,218,16,55,79,937,567,130,1062,187,95,26,93,1464,1870,230,246,531,1107,23,3,2,0,28,15,16,27,89,51,86,38,10,0,213,537,112,508,215,2,18,13,6,201,0,226,0,5,4,0,0,0,0,0,6540,0,0,0,0,0,0,0,0,0,0,0,0,0,0,0,0,0,0
65,52,48,223,297,215,0,430,249,31,447,952,18,511,1644,3781,19,51,82,198,225,303,144,58377,21974,115260,2,0,1,0,2,0,1,953,1928,32538,0,11757,1982,684,3072,690,28,1,3,9,0,0,1,3,10,6,7,0,2,3,7,23,231,2159,20,154,253,44,100,921,78,82,136,110,75,4,4,58,9,19,32,184,171,43,314,25,18,2,32,189,256,54,79,133,184,7,0,0,1,17,3,1,13,25,11,25,10,2,0,31,122,24,120,30,2,4,1,0,53,0,49,0,1,1,0,0,0,0,0,6513,2179,0,0,0,0,0,0,0,0,0,0,0,0,0,0,0,0,0
66,58,50,586,188,331,0,264,162,44,371,1946,17,281,865,5310,27,112,55,617,318,1391,104,104090,35506,34566,0,1,2,0,0,1,3,2380,1182,60766,19,5155,2564,1580,2607,1926,38,10,8,16,0,0,0,2,15,11,12,0,3,1,20,21,292,2462,31,123,304,45,89,1057,113,165,120,94,65,8,14,75,8,26,26,156,287,40,137,41,13,6,33,827,462,96,212,176,238,9,0,13,2,16,14,6,5,45,36,19,18,3,0,49,118,40,239,68,1,4,1,0,108,0,53,0,1,0,0,0,0,0,0,20543,4553,0,0,0,0,0,0,0,0,0,0,0,0,0,0,0,0,0
67,273,195,2130,1984,648,0,644,330,160,2213,4616,90,1425,3066,10187,64,367,290,1402,646,568,148,242690,39292,71410,2,3,3,2,21,7,19,5794,4274,73581,18,5931,3972,3451,3389,1907,167,41,44,58,1,2,10,16,64,21,36,1,11,28,30,58,1023,4959,155,735,673,77,392,4557,534,202,426,126,307,19,49,435,12,46,119,708,444,122,545,114,80,18,144,438,557,127,157,401,664,30,2,0,0,46,22,13,34,296,63,109,116,21,0,100,326,104,841,152,3,13,10,4,416,1,215,1,4,3,0,0,0,0,0,22377,25907,0,0,0,0,0,0,0,0,0,0,0,0,0,0,0,0,0
68,69209,80547,55816,15511,2342,856,1,408,320629,0,851,7,91,57,64,0,5,4,8,40,62,376,35,21,48,19,13,2,6,17,2230,2535926,974,448,7,1994912,26,25,14,42,237,6,1612,2641,14842,170,226,176,465,12806,9524,5283,12,1348,2025,3737,2089,11520,56,87,64,61,13,57,531,281,215,366,64,145,21,29,227,14,84,186,41,35,52,621,2918,663,545,362,82,80,63,35,154,339,733970,97335,202900,284700,719317,160487,102923,377839,1032296,277286,751496,79622,34794,7505,285,1116,1234,4520,6621,7850,41171,20948,30540,423672,125427,350,2,353,18498,1,0,0,0,0,0,0,0,0,0,0,0,0,0,0,0,0,0,0,0,0,0,0,0
70,8830,2470,2110,1081,332,781,1,352,23403,0,1137,20,119,71,71,0,2,3,14,141,121,719,24,12,30,63,21,25,11,7,1559321,328,971,524,0,66680,59,54,41,55,472,2,1065,1035,4153,66,72,107,410,3569,2037,1295,4,383,717,894,580,4461,70,40,98,154,8,254,1061,101,126,715,174,460,58,51,308,26,124,1272,30,154,143,820,1004,128,83,91,127,87,106,52,152,332,14059,4123,4192,32194,24723,17160,3307,24309,27776,8699,19703,3201,1087,1387,135,1154,817,1165,2443,260,914,538,773,9134,6067,335,20,604,740,0,0,0,0,0,0,0,0,0,0,0,0,0,0,0,0,0,0,0,0,0,0,0,0
98,10204,9108,30087,27838,14722,44,27998,25847,15683,229,153524,5448,49786,21442,31309,94,344,550,2897,3541,5174,28781,2185,3530,7814,7698,3893,754,2335,3744,684,938,4452,139118,841,227,8715,10166,6866,7896,5418,134,2684,2665,4707,72,205,549,1420,4571,2548,1690,11,537,1002,2095,981,16090,30336,47619,46283,12236,2141,9322,56314,72175,5544,6223,1728,7126,415,1895,13839,695,4202,8034,21246,11730,19426,93116,843,291,191,734,1581,1006,224,175,425,1091,5870,42,7,24,2162,1538,543,1992,6786,1981,3884,778,210,75,207,1274,1003,2189,2783,75,423,206,412,5514,236,477,1029,46264,96,1,0,0,0,0,0,0,0,0,0,0,0,0,0,0,0,0,0,0,0,0,0,0,0
99,11546,8228,44676,34323,30077,12,39006,21005,7264,96676,96230,1642,66662,76248,189677,404,1778,2261,10050,9029,12338,21959,40417,28756,31167,26818,5996,1881,1466,3093,245,528,161880,1029,10928,485,43191,54359,23544,48175,24162,630,856,532,2133,32,79,261,496,1517,1026,821,14,216,223,941,1364,60804,103667,7858,31654,23402,2151,8721,76070,28004,7804,9452,1643,6205,445,1591,6350,440,1843,2695,68010,10850,5867,38829,1302,1361,250,4289,4750,8145,1088,850,2249,3370,2137,37,8,26,1711,945,411,994,5041,2103,3693,779,320,29,598,1961,581,1911,1783,57,428,272,247,7875,23,2021,799,33193,110,1,0,0,0,0,0,0,0,0,0,0,0,0,0,0,0,0,0,0,0,0,0,0,0
102,38,25,86,148,150,0,194,81,19,301,677,24,231,7243,19977,24,89,333,5018,11070,17569,56862,710105,18,13,320610,118995,35043,75993,67143,1,2,502,7774,121,2,138643,64853,36817,53603,8572,129,3,7,10,2,4,3,1,5,4,7,0,0,2,12,8,260,3787,72,79,338,34,120,1201,80,37,57,5,35,4,8,34,2,11,54,237,265,212,937,15,25,11,46,2617,1481,259,63,152,94,6,0,0,0,5,4,0,7,22,3,10,8,2,0,24,58,27,74,39,1,0,0,0,34,1,113,15239,662351,2,0,0,0,323711,362684,0,0,0,0,0,0,0,0,0,0,0,0,0,0,0,0,0,0,0
103,19158,2740,1728,742,318,297,0,101,17698,0,737,1,336,53,133,0,10,3,8,143,295,744,18,32,31,77,85,22,17,14,1756760,60598,281,633,1,255,36,38,16,59,599,0,783,541,3305,17,39,39,156,3086,1818,1467,3,207,513,1329,1181,6066,56,15,64,53,3,291,783,39,130,180,60,87,37,1,85,13,26,1189,28,65,102,980,977,150,109,161,65,41,34,42,132,213,57389,13625,20975,18059,58956,11598,5503,8838,31389,10283,16758,3123,1246,4190,81,495,467,1437,3823,250,843,577,688,8517,20892,155,20,787,695,0,0,0,0,0,0,0,0,0,0,0,0,0,0,0,0,0,0,0,0,0,0,0,0
127,337,352,1470,1495,1149,2,2026,845,269,3619,6647,112,3338,24580,33579,149,640,1252,5545,4794,6537,13249,112816,26415,5546,2966,4638,4243,2570,3081,7,55,5657,30195,95903,14,123,30387,30482,6970,13903,612,77,69,91,3,9,9,20,107,51,64,0,24,25,91,83,1600,15457,229,1311,2304,190,1191,7394,1674,547,709,130,420,27,115,436,19,122,203,2065,1201,470,4152,244,127,53,279,4102,1947,732,432,1023,1763,63,6,1,1,66,46,19,52,188,182,355,65,41,0,199,785,271,1371,471,5,15,21,11,253,3,766,1528,29199,10,1,0,0,0,0,0,0,0,0,0,0,0,0,0,0,0,0,0,0,0,0,0,0,0
128,908,268,1533,1766,1771,1,3816,1404,920,5262,10881,91,5269,43754,90834,199,841,2082,4993,4123,6751,28608,62747,22594,29978,10959,12637,2022,6765,3606,7,55,9678,51722,56851,36,30293,62,16007,41754,16958,7980,189,73,275,5,4,15,39,265,162,129,1,24,225,171,264,3452,19238,266,1567,4298,367,3443,16824,712,656,1472,402,871,68,227,709,72,218,900,2276,5047,2000,8413,784,432,76,457,7496,4599,2054,1543,7134,7091,72,8,3,22,193,73,48,59,219,107,172,56,31,0,896,2990,863,3349,1229,4,32,22,5,277,10,2434,825,32452,3,0,0,0,0,0,0,0,0,0,0,0,0,0,0,0,0,0,0,0,0,0,0,0,0
129,896,275,947,1706,1274,7,1090,996,792,3410,7466,88,3760,13362,43421,697,1175,2293,2059,3097,8372,11400,25243,16445,12518,4494,7027,693,2205,2074,15,49,6892,24927,29068,27,31445,9727,61,24266,5089,18022,250,190,379,4,9,39,234,581,158,218,3,52,130,234,265,1932,15644,203,1803,2517,246,1661,12980,768,357,444,219,484,31,156,679,33,213,384,1525,2853,1433,5811,481,259,118,276,6137,4343,1410,1749,8243,9328,75,12,6,16,175,98,49,109,389,125,326,54,15,2,593,2383,681,2417,1498,2,19,37,6,565,7,1300,638,18409,6,0,0,0,0,0,0,0,0,0,0,0,0,0,0,0,0,0,0,0,0,0,0,0,0
130,989,436,2752,2436,2362,2,3045,1322,584,5984,11562,96,6197,17322,73003,566,616,754,7462,10146,15366,49579,54133,18590,5044,3618,6068,3148,2942,3146,12,57,9344,59780,42074,51,4726,44242,21080,73,16410,1526,120,61,158,3,2,6,42,153,88,85,0,14,33,128,301,5172,25239,293,2416,3320,351,2100,13051,597,525,709,285,539,68,337,595,34,180,634,3284,2784,1153,6215,610,313,62,615,6010,2763,1394,1100,2374,2427,166,6,36,5,218,73,51,73,317,192,186,68,22,1,536,1633,504,2897,970,3,27,9,7,406,8,1089,834,52550,10,0,0,0,0,0,0,0,0,0,0,0,0,0,0,0,0,0,0,0,0,0,0,0,0
132,3150,1189,2009,2487,657,50,802,578,4876,2799,5725,54,2264,10477,22140,142,522,231,1082,2729,2080,8319,4038,8342,11103,2723,2926,601,944,1395,182,424,5070,26693,6272,232,15053,13578,4529,16335,81,2944,1305,977,2469,56,102,181,420,3321,1175,1023,4,275,656,1314,1173,13021,7761,134,933,1707,135,832,11230,614,398,442,299,488,32,137,519,36,170,442,1086,1214,622,14380,2851,2074,839,2316,11215,32791,15906,18530,181945,116847,382,128,61,385,1490,967,232,861,2772,937,1516,388,143,11,4190,15985,3914,9932,5760,31,122,51,71,2010,12,10371,363,24678,43,0,0,0,0,0,0,0,0,0,0,0,0,0,0,0,0,0,0,0,0,0,0,0,0
133,76,16,49,39,17,3,22,5,71,26,65,9,57,146,422,1876057,1682112,2299209,1188078,466441,705429,1567283,162,55,111,92,103,17,68,103,6,6,104,628,90,3,268,7231,14282,1013,8542,1103,10,18,36,5,9,5,6,36,36,28,0,6,8,17,16,331,115,13,20,45,1,17,220,17,5,5,0,4,1,5,12,0,4,18,39,18,18,147,41,33,25,79,2614,1789,334,164,527,428,7,0,0,2,10,3,2,8,17,8,16,2,2,0,125,273,113,200,84,0,0,1,0,40,1,236,11,1582,0,0,0,621370,0,0,0,0,0,0,0,0,0,0,0,0,0,0,0,0,0,0,0,0,0
480,3625,3100,6563,5986,1516,2130,1,779,10014,0,2456,30,255,89,171,4,21,22,67,700,711,2830,50,51,76,80,51,9,23,42,1282,1429,2201,1140,9,1091,140,337,254,347,1536,23,2638,11061,60078,571654,850903,280676,246304,149801,59499,43761,100,5380,10081,12095,16846,86589,117,71,234,260,34,230,1491,638,362,1602,231,564,58,98,644,30,210,964,62,98,122,1735,6071,397,299,712,610,581,393,498,2318,4257,778,811,342,3487,2783,1584,815,4361,9142,3351,3786,599,564,25,433,2858,1945,6709,11501,47,169,120,155,2519,62,1991,5,686,224,0,0,0,0,0,0,0,0,0,0,0,0,0,0,0,0,0,0,0,0,0,0,0,0
481,0,0,0,0,0,0,0,0,0,0,0,0,0,0,0,0,0,0,0,0,0,0,0,0,0,0,0,0,0,0,0,0,0,0,0,0,0,0,0,0,0,0,0,0,0,0,0,0,0,0,0,0,0,0,0,0,0,0,0,0,0,0,0,0,0,0,0,0,0,0,0,0,0,0,0,0,0,0,0,0,0,0,0,0,0,0,0,0,0,0,0,0,0,0,0,0,0,0,0,0,0,0,0,0,0,0,0,0,0,0,0,0,0,0,0,0,0,0,0,0,0,0,0,0,0,0,0,0,0,0,0,0,0,0,0,0,0,0,0,0,0,0,0
483,5777,4309,7310,7859,2190,3559,2,1181,27183,1,4390,32,263,109,176,3,25,23,213,884,1150,4614,36,48,114,90,95,24,58,53,7726,3775,3658,1516,8,3457,126,381,385,319,2534,28,51316,72,3215,256439,249866,80568,281054,879,399,358,4,110,81,356,168,1335,149,116,223,488,22,974,2931,1183,420,3245,338,727,66,108,921,101,192,1879,88,184,280,2219,711,50,30,190,1621,1017,642,789,6760,7832,3860,2940,643,11096,1835,1017,399,916,2926,929,2279,295,114,17,626,6489,3605,18282,2926,47,132,84,94,1635,117,2995,34,882,77,1,0,0,0,0,0,0,0,0,0,0,0,0,0,0,0,0,0,0,0,0,0,0,0
511,31195,460,443,386,85,40,1,33,40741,1,72,3,10,8,11,1,8,0,4,20,20,191,24,4,4,2,1,1,2,12,212,74,91,63,4,27,13,7,4,6,45,14,371360,155633,266627,2179,742,884325,751706,379711,238954,113609,771,41413,101034,114389,46319,559284,17,16,15,6,1,7,103,66,17,53,3,16,0,5,29,1,12,52,9,4,2,122,10810,1453,1525,1948,27,30,63,12,78,160,407,28,4,113,431,177,59,260,729,182,401,63,15,5,622,1209,4367,28183,51814,7,20,17,28,239,12,316,1,57,13,0,0,0,0,0,0,0,0,0,478074,2240957,302196,0,0,0,0,0,0,0,0,0,0,0,0
512,19791,486,798,713,199,157,0,70,30215,1,144,6,9,4,10,0,4,1,13,46,59,257,6,5,5,5,4,0,2,4,155,63,125,77,1,50,10,11,18,13,97,7,1014354,95920,348828,1135,1622,460228,412137,493916,120023,96247,518,27105,61742,72452,51376,509578,25,16,14,13,2,15,143,99,21,68,11,36,19,6,48,0,11,168,5,14,13,161,24207,734,1239,1554,61,53,37,34,113,266,303,42,13,188,591,243,64,382,1078,281,681,80,23,6,402,909,3477,12693,67083,7,29,23,27,254,16,377,0,95,17,0,0,0,0,0,0,0,0,0,334723,1276550,428537,0,0,0,0,0,0,0,0,0,0,0,0
514,12754,1875,2884,2529,646,398,0,220,18694,0,623,5,84,36,96,0,12,6,34,97,112,1335,44,40,10,18,15,5,16,21,134,212,588,558,4,80,17,53,64,125,254,6,269225,18819,109856,882437,508812,631,80024,135908,63566,41367,122,6828,15985,15521,10387,66063,74,50,136,97,4,73,686,209,86,331,76,127,41,37,234,6,57,646,31,47,69,918,8305,385,444,612,133,76,58,45,133,369,320,180,49,652,2872,1156,401,2234,4944,1599,3495,500,149,46,184,747,1753,11874,24785,53,116,128,133,1360,36,581,2,405,115,0,0,0,0,0,0,0,0,0,0,19010,148525,0,0,0,0,0,0,0,0,0,0,0,0
516,16797,3598,6949,5474,1307,1246,0,659,24829,2,1521,13,272,61,123,2,14,22,38,204,312,1898,47,38,43,30,31,16,13,14,300,609,1833,890,7,296,65,124,321,142,732,11,201043,32792,340792,769745,344016,56635,2442,537620,87274,60314,185,12952,28131,26588,18109,129133,88,75,250,198,26,129,1585,468,224,1177,188,466,33,54,710,36,215,817,48,72,142,1503,27021,833,1045,1360,377,245,178,141,589,1254,580,370,147,2346,5820,2221,1029,4310,15004,3361,8067,1026,285,85,205,574,1448,9983,82503,90,341,254,348,3542,63,927,5,599,236,0,0,0,0,0,0,0,0,0,0,0,14968,0,0,0,0,0,0,0,0,0,0,0,0
518,7330,3496,3818,7970,2150,3676,2,896,35865,2,2948,26,270,117,241,5,75,34,204,807,1060,4763,19,39,187,85,95,19,27,59,7546,3455,3878,1088,10,3252,179,325,828,325,3881,60,142661,43,1108,407552,383837,120220,521323,2842,714,804,2,52,117,38,180,198,126,108,285,332,34,256,2793,1333,349,2763,315,729,47,58,957,70,201,1389,82,179,198,2071,472,44,21,125,2465,1419,942,933,12624,13136,6922,2077,273,16117,1839,730,204,993,3553,781,2425,305,117,33,1098,9180,4977,36251,4969,32,123,89,120,1800,162,4653,14,881,96,0,0,0,0,0,0,0,0,0,0,0,0,0,0,0,0,0,0,0,0,0,0,0,0
519,5803,4721,4009,7887,1167,2854,1,958,32003,7,3175,42,249,91,126,6,29,38,142,583,839,3626,38,34,89,57,59,21,21,39,6821,2954,3349,999,10,2986,151,288,340,180,2549,54,73862,30823,873,365516,180732,88445,109931,944,2721,13421,257,28014,36425,33436,24301,259196,134,112,242,342,27,240,2448,1360,359,1929,558,661,44,85,955,40,206,1266,81,145,200,1770,470,86,46,416,1742,952,600,926,6119,9159,4468,1280,293,10275,2061,583,209,1317,2673,811,2367,287,82,18,608,4789,3719,8596,5337,33,166,68,89,1612,157,2758,8,864,47,0,0,0,0,0,0,0,0,0,0,0,0,0,0,0,0,0,0,0,0,0,0,0,0
521,3262,1161,1716,2635,763,1114,0,293,10247,0,1026,17,145,32,68,3,7,9,30,162,307,1545,16,12,46,20,34,5,12,12,2194,1019,959,464,12,1381,57,76,155,71,728,23,23115,23,452,72629,56114,24074,33089,221,20419,964,19,72,21,17,4,80,45,42,80,140,13,119,815,365,123,823,73,230,12,46,294,18,56,509,38,55,50,836,2261,121,92,212,527,274,539,710,4353,4074,787,541,116,2590,813,349,140,484,1226,373,753,97,22,10,72,947,461,557,571,5,43,12,11,434,36,920,4,398,24,0,0,0,0,0,0,0,0,0,1,0,0,0,0,0,0,0,0,0,0,0,0,0,0
522,7,1,2,0,1,0,0,0,17,0,2,0,2,0,1,0,0,0,0,0,2,8,0,0,0,1,0,0,0,14,8,2,2,3,0,2,1,1,1,0,1,0,22,33836,11,86,71,77,25,1,130,9,775,17115,62033,24361,69974,227015,0,0,0,2,0,0,1,0,2,0,0,1,0,0,0,0,0,2,0,0,0,4,10,1,0,7,1,1,1,0,2,10,0,0,1,2,1,0,0,1,1,1,1,0,0,0,1,1,1,1,9,0,0,0,0,2,0,1,0,1,0,0,0,0,0,0,0,0,0,0,0,0,0,0,0,0,0,0,0,0,0,0,0,0,0
524,1,2,3,2,0,1,0,0,7,0,1,0,0,0,0,0,0,0,0,0,0,0,0,0,0,0,0,0,0,5,2,2,5,2,0,1,0,0,1,0,0,0,10,35172,7,66,38,10,20,1,88,5,204,1284,51795,3195,15835,16968,0,0,0,1,0,0,1,0,0,0,0,0,0,0,0,0,0,0,13,0,2,2,10,0,3,2,0,0,1,0,1,2,0,0,0,1,0,0,0,0,0,1,1,0,1,0,0,1,0,1,4,0,0,0,0,0,0,0,0,1,0,0,0,0,0,0,0,0,0,0,0,0,0,0,0,0,0,0,0,0,0,0,0,0,0
525,0,0,0,0,0,0,0,0,0,0,0,0,0,0,0,0,0,0,0,0,0,0,0,0,0,0,0,0,0,0,0,0,0,0,0,0,0,0,0,0,0,0,0,0,0,0,0,0,0,0,0,0,0,0,0,0,0,0,0,0,0,0,0,0,0,0,0,0,0,0,0,0,0,0,0,0,0,0,0,0,0,0,0,0,0,0,0,0,0,0,0,0,0,0,0,0,0,0,0,0,0,0,0,0,0,0,0,0,0,0,0,0,0,0,0,0,0,0,0,0,0,0,0,0,0,0,0,0,0,0,0,0,0,0,0,0,0,0,0,0,0,0,0
526,3263,3461,6277,5942,1018,3037,1,706,10301,4,4383,21,462,586,626,7,50,22,97,680,1354,13799,4999,531,260,255,206,70,123,203,3740,1408,3376,9235,55,3593,372,560,443,647,2587,60,20472,197,800,190647,127223,25911,33202,215,50918,114,39988,92,270,848,2875,33948,232,191,384,835,63,700,9728,782,294,2562,383,1225,57,320,1120,151,227,4155,97,338,1867,40655,4366,72,28,32,2194,859,495,642,13842,9752,608,621,340,3053,1998,667,266,1073,2553,999,2175,283,52,13,160,1666,1202,1558,2156,17,156,46,38,1853,117,1937,102,20527,52,0,0,0,0,0,0,0,0,0,0,0,0,0,0,0,0,0,0,0,0,0,0,0,0
527,25,10,7,10,1,11,0,1,29,0,6,0,1,0,1,0,0,0,0,2,1,19,0,0,1,0,0,0,0,1,11,2,11,5,0,3,1,4,2,0,4,0,38,6,4,172,141,51,101,0,72,0,64,0,1,70157,7,59770,0,0,0,1,1,2,22,3,2,10,2,2,0,0,1,0,1,72,0,2,1,9,8,0,0,1,8,3,5,1,18,32,1,1,2,7,6,1,4,2,4,3,21,0,0,0,0,6,6,8,6,0,0,0,0,1,0,1,0,8,0,0,0,0,0,0,0,0,0,0,0,0,0,0,0,0,0,0,0,0,0,0,0,0,0
528,4988,4998,5730,8079,1639,4623,4,1795,17667,7,5123,52,727,319,422,10,63,43,330,1165,1309,24288,99,108,239,170,96,35,46,126,3277,3343,8598,5245,33,2468,299,461,603,380,4020,80,32602,135,872,373660,290511,43980,61041,309,62819,151,49039,35,36,389565,139933,448,406,180,323,463,64,565,29244,3547,590,5146,335,1243,97,150,1189,76,226,11063,202,280,502,16343,5846,158,78,52,4017,2095,952,1259,9014,15837,1406,1106,420,8750,2277,733,340,2088,3947,1018,2731,461,202,26,326,2010,1534,1517,2192,53,782,117,71,10076,121,5216,62,6007,61,0,0,0,0,0,0,0,0,0,0,0,0,0,0,0,0,0,0,0,0,0,0,0,0
832,505,1255,4150,4926,5216,2,5871,3802,518,20856,29877,209,17060,17604,50506,153,535,686,5336,5541,8305,22020,10673,9467,13293,16280,9957,2640,3231,4455,24,63,23053,48971,6666,56,22127,24035,18372,26407,8284,239,47,34,87,5,4,16,28,82,71,57,0,16,12,58,96,941,108,949,2670,5638,774,2939,20859,4560,1295,2180,343,1283,77,235,1312,77,291,543,5170,8049,2961,12231,71,42,17,82,2008,1649,388,334,658,864,175,3,0,7,154,148,32,128,498,258,351,110,31,4,142,458,149,368,266,1,27,15,27,334,6,250,898,35699,4,1,0,0,0,0,0,0,0,0,0,0,0,0,0,0,0,0,0,0,0,0,0,0,0
856,597,958,5621,9557,7859,6,9057,9678,938,134207,338170,144421,3961,529,889,7,15,11,100,91,131,802,228,120,198,141,63,9,16,59,98,73,68939,4604,147,28,252,222,150,316,133,21,112,74,240,16,10,39,108,201,150,91,1,36,17,118,73,1499,695,25006,1905994,370403,54738,393259,1889215,5217,1963,2999,647,2465,206,569,4350,260,1098,1969,1676,919,646,4265,70,49,15,176,24,39,25,7,40,39,237,14,5,11,329,190,101,862,1007,431,907,183,51,11,4,82,36,128,119,27,63,59,61,802,14,18,12,1406,15,3,0,0,0,0,0,0,0,0,0,0,0,0,0,0,0,0,0,0,0,0,0,0,0
857,2156,2143,12562,9255,7159,4,16711,7000,1397,17043,57553,16391,1839,2583,5082,15,56,127,619,454,776,5197,489,718,1083,1263,569,138,156,508,36,106,54782,24437,108,67,1857,1620,1509,2001,967,33,96,58,340,5,11,36,96,265,330,134,0,24,30,139,188,5673,3313,1450000,7738,336744,10470,61650,188354,3218,2830,4015,776,2584,143,515,2702,139,733,2008,907,3526,4287,22155,293,163,53,529,201,108,25,36,90,137,390,5,2,7,643,253,149,187,968,598,834,160,69,6,10,176,87,315,453,15,47,31,40,950,5,54,128,9601,19,0,0,0,0,0,0,0,0,0,0,0,0,0,0,0,0,0,0,0,0,0,0,0,0
859,1807,2331,6796,5434,3060,2,4543,4175,2578,9650,9592,9529,30583,7711,10985,35,149,102,912,1647,1928,5034,1091,1451,1362,2344,976,210,411,692,53,198,15464,19672,462,62,3741,5291,2054,3641,2149,58,248,159,713,11,18,67,181,438,292,258,3,32,102,405,530,6222,8243,404208,331079,2628,5285,5770,115488,6675,1414,1266,256,661,33,196,818,90,216,213,20653,979,767,7603,206,134,42,340,645,357,85,61,185,200,983,4,0,2,554,309,74,205,860,449,694,97,84,3,22,209,128,489,871,17,57,25,59,832,13,145,175,9756,21,0,0,0,0,0,0,0,0,0,0,0,0,0,0,0,0,0,0,0,0,0,0,0,0
860,108,185,498,271,649,0,363,415,217,1915,1316,727,1308,319,686,1,9,9,57,144,99,218,40,75,122,127,63,18,23,30,9,7,1943,1283,38,3,181,280,206,256,95,3,15,5,25,1,2,7,6,20,14,17,0,3,1,25,17,159,657,41638,7021,3744,449,3579,8130,629,113,156,47,48,4,12,61,1,14,13,714,119,67,826,10,2,5,11,23,40,1,5,12,13,50,0,0,0,40,28,12,16,64,31,51,6,4,1,0,15,6,33,42,1,2,5,8,75,0,5,15,545,0,0,0,0,0,0,0,0,0,0,0,0,0,0,0,0,0,0,0,0,0,0,0,0,0
862,1868,1420,4471,3992,2906,1,3364,2085,1555,6557,7407,1764,13001,2654,6867,28,70,104,1005,1736,1871,3128,435,807,804,1343,633,184,143,514,30,104,10202,6709,130,229,1939,2764,1285,2056,1003,15,368,104,693,4,10,38,207,224,170,165,0,33,70,565,305,5725,2892,374442,54819,6632,6031,742,68172,7326,862,871,60,179,18,36,246,17,109,51,4400,577,225,1710,191,91,15,261,321,208,58,65,67,144,932,6,2,4,228,255,44,176,622,771,233,52,28,0,56,102,134,239,789,3,45,38,18,458,2,73,134,6074,8,0,0,0,0,0,0,0,0,0,0,0,0,0,0,0,0,0,0,0,0,0,0,0,0
863,11427,8693,28797,29750,16019,6,15476,8172,10143,20944,37370,3949,38930,35049,37470,194,683,1223,5179,6891,11712,136189,29534,7464,11821,8824,3819,1054,1793,3532,188,586,63276,59681,2091,504,12313,17990,14129,13617,11833,226,1133,924,4165,69,102,554,797,3191,1863,1589,28,457,775,1566,1603,118629,22624,1736586,183242,120777,10744,81329,1386,84114,11097,3275,251,541,25,169,372,27,210,43,18399,2740,3963,5412,1891,1353,189,6551,3021,1552,727,588,966,2508,4037,46,21,37,2065,1009,589,1345,4209,1998,2421,270,70,12,221,1042,757,1798,3107,31,52,76,53,1526,34,785,1179,138580,38,1,0,0,0,0,0,0,0,0,0,0,0,0,0,0,0,0,0,0,0,0,0,0,0
877,2344,4401,30330,131312,105960,86702,45,32983,4227,42,55740,864,3093,1234,2166,5,36,49,190,251,347,5681,206,414,1041,476,345,58,90,255,321,149,67248,19338,73,57,1226,615,629,536,468,15,343,241,1022,24,46,79,206,1076,775,489,1,105,155,279,262,4093,3623,2238,2713,4524,714,5333,67126,953,172101,819260,93126,350726,33324,49910,517048,25311,105109,294862,1805,2905,12040,73505,296,90,38,312,130,63,91,70,137,311,505,15,10,140,741,516,179,816,2455,737,1965,272,143,26,45,430,284,514,548,30,154,105,153,1852,41,133,111,9639,48,67,0,0,0,0,0,0,0,0,0,0,0,0,0,0,0,0,0,0,0,0,0,0,0
879,1919,3290,4183,4506,2822,1992,13,1267,1978,11,11861,337,3202,967,1755,0,9,2,62,229,257,1187,94,101,265,558,202,63,84,144,77,141,4503,6816,50,140,573,710,298,365,416,8,341,113,463,7,18,34,117,359,251,173,0,35,44,184,180,1811,1380,1361,2091,1179,161,664,6789,159793,75,12,4,2,1,1,3,0,0,1,1102,1214,1212,9055,264,27,14,228,75,51,38,72,139,286,713,4,0,8,678,277,180,142,500,157,272,47,20,3,20,303,173,287,529,4,20,13,25,390,29,158,89,3609,5,0,0,0,0,0,0,0,0,0,0,0,0,0,0,0,0,0,0,0,0,0,0,0,0
882,9501,8350,8557,11297,5614,18083,0,1882,9811,5,15580,156,7240,1853,3013,6,14,12,187,526,785,1752,745,365,370,791,402,129,250,630,292,818,5276,11317,73,158,977,1553,572,833,630,6,1412,1198,3376,39,90,348,877,2853,1245,984,7,219,391,1142,1039,13447,3162,1988,3791,1031,225,1059,2167,851647,22,1012,12976,22406,2019,8088,31452,2447,13217,43933,1472,1594,2534,8535,851,412,144,1250,201,156,35,25,122,627,4820,18,4,31,1511,1523,287,493,1612,1501,297,49,24,11,107,892,732,1597,3138,8,36,51,51,1054,39,461,102,4505,11,34274,0,0,0,0,0,0,0,0,0,0,0,0,0,0,0,0,0,0,0,0,0,0,0
883,3194,3226,1874,4013,1502,5020,1,1546,2961,1,3589,36,1823,452,1090,0,5,3,175,559,1166,439,38,42,71,421,131,63,693,94,21,427,1456,2045,78,296,176,962,239,979,444,1,277,90,390,6,4,24,135,445,346,119,1,13,49,353,847,1486,822,315,1712,206,48,400,122,90437,4,15366,175,8173,1981,2105,5708,759,3872,11974,392,475,936,1093,398,125,33,227,252,148,29,7,104,247,2210,3,1,2,618,1022,129,103,196,916,23,2,5,0,145,186,304,426,1118,0,2,28,6,51,18,352,32,1270,0,11003,0,0,0,0,0,0,0,0,0,0,0,0,0,0,0,0,0,0,0,0,0,0,0
884,3666,2334,2683,4340,2698,9393,1,1476,3223,2,8372,64,2901,1135,2126,4,11,16,226,387,1458,1848,154,179,212,941,179,84,115,198,113,823,4984,5174,180,358,615,1194,906,1348,743,4,555,199,800,14,20,63,263,626,450,353,4,59,142,632,583,6793,1724,1301,2836,531,39,191,266,356301,9,23682,6343,219,1342,1203,40408,3370,8496,49698,797,497,667,4842,481,192,29,838,801,85,53,18,86,342,1712,9,2,3,666,820,76,114,866,1443,72,10,6,1,105,477,520,703,1633,2,3,3,11,182,38,360,60,4793,16,14288,0,0,0,0,0,0,0,0,0,0,0,0,0,0,0,0,0,0,0,0,0,0,0
885,267,269,231,346,148,687,0,266,118,0,782,8,198,71,216,0,2,1,9,117,29,71,18,4,39,55,10,4,11,8,2,559,297,319,4,2,62,73,39,132,27,2,43,6,42,0,0,3,16,60,20,14,0,3,5,25,25,220,113,53,94,53,34,8,20,26488,0,6696,1967,2219,13,1140,25625,3025,10690,9199,43,44,102,167,22,10,0,6,33,3,5,2,1,40,302,0,0,0,33,21,0,9,15,5,4,2,0,0,2,16,10,40,127,0,0,2,0,8,0,67,3,133,0,1145,0,0,0,0,0,0,0,0,0,0,0,0,0,0,0,0,0,0,0,0,0,0,0
886,255,157,219,501,596,1661,1,664,294,1,1924,26,555,276,542,1,2,10,45,67,139,581,51,73,106,238,41,11,25,32,23,44,1448,1379,14,10,146,225,183,223,145,2,76,28,101,3,9,14,69,72,67,59,0,12,33,90,113,758,261,371,494,176,9,39,45,54785,0,8240,1312,1312,820,44,4005,1388,4611,167290,191,319,221,806,43,18,5,39,34,17,10,3,16,78,186,0,1,0,34,38,4,16,35,23,9,1,0,0,12,69,59,56,146,0,0,0,0,7,1,65,12,964,0,3385,0,0,0,0,0,0,0,0,0,0,0,0,0,0,0,0,0,0,0,0,0,0,0
887,1878,924,2149,5192,4427,7990,2,2697,2031,2,10228,201,1709,813,2048,3,19,23,194,226,606,1648,86,307,647,490,164,73,67,205,101,188,9252,5106,39,37,650,704,664,526,513,4,524,228,897,18,42,102,431,931,558,397,3,114,266,650,279,3113,1398,1992,2054,527,47,200,111,506913,12,31823,5126,53403,26331,5794,289,2146,24018,81698,989,630,827,1992,200,54,153,192,155,69,36,26,106,387,806,1,1,5,242,181,55,158,386,133,42,3,3,1,51,384,311,407,543,0,2,0,4,97,13,322,80,3111,3,22566,0,0,0,0,0,0,0,0,0,0,0,0,0,0,0,0,0,0,0,0,0,0,0
888,100,315,165,365,188,470,0,162,277,0,486,9,99,114,128,0,0,1,9,13,15,88,0,4,8,26,7,2,6,18,3,7,327,329,0,1,72,62,20,10,18,0,30,5,49,0,0,2,15,59,21,128,0,2,20,17,7,203,48,63,63,88,3,9,14,17631,0,1684,554,3476,2908,1650,4907,3,3,8,29,22,39,88,6,0,5,2,14,7,1,0,14,20,88,0,0,1,41,152,3,4,14,7,1,0,0,0,0,11,20,26,74,0,0,0,0,5,0,64,2,206,0,1199,0,0,0,0,0,0,0,0,0,0,0,0,0,0,0,0,0,0,0,0,0,0,0
889,540,564,944,1407,1015,3547,0,927,613,0,4258,57,739,422,652,0,4,26,83,86,205,469,37,55,130,143,58,19,14,44,63,151,3465,2266,18,25,249,266,193,216,293,1,248,29,245,4,15,24,156,217,117,101,0,34,118,120,113,1019,473,647,757,197,28,92,83,120983,4,16121,3911,10183,11328,4627,23108,2,244,140436,216,653,718,357,52,21,5,55,113,53,30,11,32,223,884,3,0,3,501,134,24,41,134,69,19,8,3,0,22,146,107,110,258,0,3,1,0,32,18,107,13,858,1,8731,0,0,0,0,0,0,0,0,0,0,0,0,0,0,0,0,0,0,0,0,0,0,0
890,9347,4925,6982,9734,3712,11522,4,1502,4708,0,4911,46,1117,953,1330,8,25,17,103,294,401,2446,364,262,219,669,130,31,65,130,125,408,5098,3325,75,375,484,945,413,492,605,4,588,324,2045,21,36,178,477,1399,898,823,14,119,243,947,948,72282,704,1093,1773,205,9,18,38,287099,3,39180,9712,38627,7461,161387,88760,2,166428,44,340,560,145,61,1023,1421,122,4731,356,191,106,46,178,337,3734,15,1,8,760,958,161,666,1211,737,197,27,7,1,100,505,424,1009,2682,9,10,15,11,216,4,585,39,1107,8,15839,0,0,0,0,0,0,0,0,0,0,0,0,0,0,0,0,0,0,0,0,0,0,0
892,671,663,5773,5311,5166,1,6442,4421,673,24592,47855,318,28678,5869,6679,74,98,98,505,669,789,5417,439,568,1722,1982,898,137,256,513,45,71,27497,75154,248,41,2701,2418,1179,3280,1094,45,51,59,157,7,12,18,41,142,85,69,2,19,11,77,60,1988,6957,1616,1271,22794,1275,9320,31601,4437,1436,1995,254,1127,88,273,1446,138,320,903,1193,430432,193285,1620548,110,59,56,195,224,283,35,50,118,106,212,7,2,3,231,192,48,405,463,274,386,60,23,4,9,112,42,226,181,5,27,16,18,367,16,43,178,13277,14,0,0,0,0,0,0,0,0,0,0,0,0,0,0,0,0,0,0,0,0,0,0,0,0
894,569,1374,6012,3178,3339,0,4008,2428,1019,6763,2758,120,16004,3516,8329,32,77,113,750,1135,1881,2265,3982,1595,1229,1416,544,172,281,370,25,70,11088,6704,546,60,2104,5143,2129,2616,1174,14,94,47,205,6,5,31,70,161,87,72,0,26,29,100,115,1231,9537,1033,3332,543,102,202,4077,3537,1322,1389,269,470,40,337,609,71,531,204,415756,91,25323,87294,68,53,8,82,393,326,115,73,105,251,294,7,0,2,361,213,115,73,422,617,371,337,78,12,14,84,55,120,176,7,16,818,21,604,3,190,124,3459,54,0,0,0,0,0,0,0,0,0,0,0,0,0,0,0,0,0,0,0,0,0,0,0,0
895,984,1335,6640,4184,2555,0,5477,2991,1079,8333,6581,165,15207,2121,3656,31,63,103,528,668,1425,826,3391,872,501,542,168,43,44,145,38,162,21882,5041,554,82,973,3005,931,1723,1408,17,99,64,479,1,7,34,81,195,133,99,0,8,34,210,298,6022,3322,882,4390,384,47,130,5262,14160,1286,2011,384,698,42,201,955,42,255,252,188186,28435,47,112489,260,92,13,346,237,87,51,93,101,105,583,27,0,1,281,157,41,142,688,408,702,181,99,2,6,92,83,193,484,11,82,63,16,2530,3,68,32,1611,84,0,0,0,0,0,0,0,0,0,0,0,0,0,0,0,0,0,0,0,0,0,0,0,0
896,13007,8191,57953,48636,32017,8,21092,11923,8387,25713,44454,545,39235,12472,20175,196,1595,572,3657,2827,5020,2775,14171,5449,4308,3651,1192,278,144,451,315,485,95309,33246,1412,335,5683,8858,5658,6256,10660,189,973,659,2765,51,62,517,915,2501,1847,1406,22,295,332,1314,2071,330453,14580,8749,35463,3559,346,799,5494,80893,6645,8785,967,5003,171,860,3220,112,456,139,1671814,97270,93943,69,2163,3946,607,15611,1055,656,327,237,912,1596,2854,43,11,28,1416,926,483,1340,7791,4623,4584,2028,547,38,205,1266,562,1580,2606,103,403,421,616,12057,12,659,165,1331,129,0,0,0,0,0,0,0,0,0,0,0,0,0,0,0,0,0,0,0,0,0,0,0,0
900,3923,1124,1088,2094,538,1005,0,297,6997,1,1602,16,175,145,330,6,43,10,53,685,819,4399,82,89,65,178,161,34,50,49,2392,1000,796,1441,10,1010,138,457,275,617,1834,46,2714,527,397,9570,11041,4195,13099,107,138,1418,14,407,391,729,5496,15875,145,80,274,319,35,129,1534,342,251,662,260,284,19,38,165,6,46,914,49,64,214,2673,331,10944,2388,8319,1188,612,462,1035,4340,7298,684,220,63,947,669,460,141,326,1393,481,564,240,501,3,444,3632,13500,7860,2790,6,66,16,10,474,25,1529,16,1478,39,0,0,0,0,0,0,0,0,0,0,0,0,0,0,0,0,0,0,0,0,0,0,0,0
901,10156,3125,1535,4456,1238,1515,1,359,4470,2,15346,5,298,357,529,8,38,11,66,679,714,4551,159,134,100,243,123,54,70,52,3629,505,906,10125,19,908,183,576,314,762,3816,57,1331,72,551,12389,7724,2851,2648,105,77,131,0,31,10,19,347,118,149,67,419,691,34,420,22155,426,121,1262,492,638,28,91,175,23,114,26135,56,444,541,46418,39482,102,32,58,1397,745,1187,734,5594,8914,310,262,32,569,1631,1305,130,395,633,220,435,381,51,2,689,4375,3659,9350,10806,6,281,27,11,932,17,2549,11,2905,4,0,0,0,0,0,0,0,0,0,0,0,0,0,0,0,0,0,0,0,0,0,0,0,0
902,488,158,467,645,79,232,0,63,753,0,208,2,67,6,21,0,5,3,5,48,51,479,8,7,11,9,4,2,3,11,581,103,167,179,1,168,70,24,33,55,476,16,241,8,35,1659,1092,354,739,11,48,31,1,5,3,4,6,42,25,11,26,16,2,35,194,64,16,100,20,32,3,10,168,4,6,162,20,96,22,327,2186,17,78,15753,654,84,89,130,1877,2104,24,18,8,180,104,48,13,102,158,21,208,31,11,0,64,729,447,551,1659,5,3,2,1,38,2,341,0,158,2,0,0,0,0,0,0,0,0,0,0,0,0,0,0,0,0,0,0,0,0,0,0,0,0
903,31838,7401,3448,12067,6851,3035,1,743,5108,9,52760,12,1529,1083,1836,12,136,5,133,1819,2067,33069,806,446,243,597,395,182,245,288,3635,656,2361,52537,161,1247,366,1472,662,3221,6583,59,462,38,212,1022,1110,180,540,48,287,239,2,19,15,15,758,57,901,187,2083,1877,47,1457,170989,656,553,5394,2405,3436,99,286,641,90,364,160582,306,1310,2139,330516,259410,90,100989,664,1959,621,2121,604,3860,3197,367,63,24,128,5175,3993,522,965,1378,841,1611,2061,185,7,456,1186,1173,9342,10862,19,1138,112,7,5787,9,847,92,20617,15,0,0,0,0,0,0,0,0,0,0,0,0,0,0,0,0,0,0,0,0,0,0,0,0
906,1593,521,744,1107,168,36,469,164,2232,880,1464,9,587,2323,8498,107,433,106,590,7312,7307,9974,1568,1552,2233,907,1440,292,1468,413,55,147,1827,5374,2680,89,5356,6156,6585,7871,12486,2789,346,499,1243,34,59,67,234,1466,744,619,5,169,349,833,498,4983,2498,29,172,581,64,302,3832,153,106,223,333,165,5,47,200,19,48,606,307,1058,921,1141,1517,761,818,583,100,14818,8094,12121,186430,43189,232,41,8,124,631,258,70,572,1018,582,851,334,226,122,2754,6573,1840,5030,2990,5,74,62,24,793,0,6460,515,3300,17,0,0,0,0,0,0,0,0,0,0,0,0,0,0,0,0,0,0,0,0,0,0,0,0
907,1089,416,654,636,96,33,146,165,2203,491,1183,24,655,2697,7697,38,290,104,648,6495,5033,6956,732,780,1819,1001,2724,180,684,420,59,125,1165,9429,1125,56,2999,4283,4293,4712,30179,2296,413,321,966,22,47,46,161,1070,499,282,3,98,255,284,444,2591,2408,85,169,286,39,273,1202,84,44,80,87,63,11,15,73,7,36,183,344,419,151,552,766,586,144,395,16590,60,2810,5368,119954,26175,271,46,15,151,346,180,128,342,619,774,350,57,33,6,1642,8092,1277,3235,2058,2,44,37,21,321,42,4424,76,2670,9,0,0,0,0,0,0,0,0,0,0,0,0,0,0,0,0,0,0,0,0,0,0,0,0
908,1208,372,329,487,93,32,30,47,1445,110,214,4,96,410,1196,17,89,41,207,2602,2120,3968,110,150,312,342,257,55,90,64,45,76,172,1135,186,68,794,1694,1278,1582,13551,441,249,261,559,20,24,32,160,591,310,429,3,65,125,340,454,4243,430,35,25,87,10,57,412,188,38,24,62,39,21,5,47,1,20,109,49,78,32,227,773,584,231,447,7107,3450,32,6430,199735,79347,151,19,10,460,488,124,35,198,603,209,344,135,21,9,2120,8942,3011,10453,2435,5,18,48,46,283,19,6457,34,1131,10,0,0,0,0,0,0,0,0,0,0,0,0,0,0,0,0,0,0,0,0,0,0,0,0
909,1097,276,384,273,66,35,26,27,1480,83,191,7,102,416,1030,11,87,30,202,2463,2339,5341,80,152,244,299,243,41,147,89,34,39,143,842,74,50,560,1560,1805,1203,16598,384,453,368,745,20,25,35,108,715,517,571,2,58,144,276,431,2195,266,3,47,121,16,30,371,111,45,15,13,21,23,10,31,3,15,77,31,50,62,211,1365,539,363,292,13664,6305,8438,33,84864,48490,73,26,8,411,321,114,27,118,573,150,347,64,19,7,3653,7280,1832,8231,2637,5,42,16,10,184,9,7015,23,1198,4,0,0,0,0,0,0,0,0,0,0,0,0,0,0,0,0,0,0,0,0,0,0,0,0
910,4778,702,1100,1328,275,100,40,86,7085,255,539,8,136,1018,1752,33,336,204,1360,16419,20643,60786,168,190,388,447,427,143,202,229,130,271,417,2152,101,130,1135,6631,6874,2363,154795,470,1865,1684,5765,80,166,156,389,11111,3847,4611,9,1251,2183,3931,2821,27559,531,41,86,170,6,166,972,183,68,110,143,118,57,26,132,15,63,354,106,129,49,680,5919,3737,2510,2144,155859,119146,188867,87210,391,41353,546,71,67,456,1027,484,114,714,2235,624,1189,236,91,18,20179,69625,35864,42897,21977,24,150,237,98,1095,23,58203,72,4048,32,0,0,0,0,0,0,0,0,0,0,0,0,0,0,0,0,0,0,0,0,0,0,0,0
911,7793,1829,3276,3983,751,481,33,149,12602,323,578,2,222,915,2042,32,340,334,1328,13919,16843,40097,165,221,566,764,671,133,272,387,300,483,649,3239,123,351,1881,5449,7871,2714,98405,284,3194,2827,7309,110,250,278,889,11129,4699,4705,14,1742,3263,3935,2693,20047,611,28,133,236,8,174,2205,400,437,412,430,304,75,94,460,30,170,784,121,159,82,1287,8924,5465,3015,3096,46042,24170,66131,37880,39628,387,1079,186,168,914,1924,792,312,1831,4448,1295,2988,371,200,54,79863,93043,51508,100133,23497,34,309,148,121,1816,63,98935,73,4425,83,0,0,0,0,0,0,0,0,0,0,0,0,0,0,0,0,0,0,0,0,0,0,0,0
913,4923,5069,7972,1811,884,3089,1,1530,4114,1,5151,26,412,160,232,0,9,0,6,99,181,601,31,45,37,89,50,14,33,14,535169,15354,4680,2014,6,70924,91,85,41,131,347,3,549,203,3571,31,43,88,310,6198,3043,790,0,102,174,266,223,1476,262,131,315,675,66,663,3747,262,526,3361,909,1303,248,144,886,48,282,4769,93,238,412,2837,725,70,22,101,164,152,77,74,260,875,1467,66683,64019,745884,40557,29054,6558,26835,61159,22215,47316,5806,2148,2193,76,416,443,628,2120,426,2781,1181,1752,22258,3268,320,13,821,1318,0,0,0,0,0,0,0,0,0,0,0,0,0,0,0,0,0,0,0,0,0,0,0,0
914,5433,185,83,43,17,38,0,25,7077,0,115,1,18,2,11,0,5,2,2,16,16,207,1,0,5,2,2,0,2,1,62706,3591,66,65,0,10499,1,6,5,9,64,1,672,324,2993,19,30,62,303,2385,911,671,1,101,189,513,236,1128,14,7,18,7,2,8,80,17,7,32,3,6,0,0,6,1,9,21,4,9,27,93,351,58,14,42,25,29,11,56,45,107,48851,13,2906,19546,1927,843,286,2016,4462,1122,2520,411,148,41,61,374,517,574,1222,36,160,102,153,1533,328,107,2,39,81,0,0,0,0,0,0,0,0,0,0,0,0,0,0,0,0,0,0,0,0,0,0,0,0
915,1439,124,24,13,6,6,0,5,983,0,12,0,3,2,4,0,3,0,5,5,6,39,1,1,1,1,1,0,0,2,206794,5521,15,9,0,20387,1,3,5,2,47,0,375,136,864,5,6,20,99,402,245,159,1,28,76,98,62,971,1,1,2,2,0,1,13,4,3,4,1,2,0,0,4,0,0,6,1,2,1,9,117,14,5,4,10,10,7,2,44,102,61878,2826,15,18970,566,383,141,644,1803,590,1554,209,78,21,8,296,96,162,319,20,79,49,72,2053,287,80,0,4,36,0,0,0,0,0,0,0,0,0,0,0,0,0,0,0,0,0,0,0,0,0,0,0,0
916,19600,374,144,115,34,141,0,18,22365,0,42,5,12,2,18,0,2,3,10,98,52,1551,4,6,5,3,2,0,1,5,254451,39077,55,58,1,18189,11,39,13,5,242,3,1969,790,9139,61,70,232,1193,14205,7162,3502,9,1058,1734,1019,725,7808,6,9,9,6,2,4,63,153,11,32,4,5,0,0,15,1,3,20,4,2,5,46,1456,126,164,71,92,89,198,106,266,660,611578,20424,19885,185,12589,4582,1659,10623,20230,6981,23400,2442,932,149,114,1697,1375,3702,4852,175,1997,529,765,19663,2588,515,0,50,599,0,0,0,0,0,0,0,0,0,0,0,0,0,0,0,0,0,0,0,0,0,0,0,0
917,11660,1338,1121,2240,1412,2177,1,679,6855,1,2901,37,379,158,281,4,20,7,24,294,390,1683,27,27,42,57,22,23,11,16,453665,27619,1951,1389,8,57715,78,112,147,181,1208,6,2475,482,1841,307,474,1536,4513,1742,1351,1056,4,193,464,1163,842,8631,202,122,342,442,29,304,1702,588,774,1267,556,418,21,58,240,32,317,833,118,263,331,1514,987,351,111,730,631,320,307,321,877,1944,41443,1274,579,13102,1141,3513,1430,5521,14940,8964,8323,2193,1292,394,312,2701,1442,2774,5907,190,494,494,453,6143,400,1232,10,967,442,0,0,0,0,0,0,0,0,0,0,0,0,0,0,0,0,0,0,0,0,0,0,0,0
918,9066,685,774,1837,1181,2115,0,580,3871,0,2221,17,293,93,134,1,14,7,89,264,281,2045,19,40,32,35,12,6,25,11,96464,17606,1363,988,9,13596,79,79,99,70,1411,5,1644,203,1060,147,217,820,1888,835,549,487,2,73,183,544,867,6737,135,90,215,247,29,141,740,537,315,1522,561,585,34,20,197,20,80,844,107,252,119,1082,650,340,70,746,293,216,198,127,449,754,30581,972,352,5368,4315,72,3828,5907,38487,9046,14795,5107,1313,355,95,1218,840,983,2392,185,1066,393,296,5121,145,477,3,386,548,0,0,0,0,0,0,0,0,0,0,0,0,0,0,0,0,0,0,0,0,0,0,0,0
919,1429,280,271,692,268,645,0,221,2348,0,817,15,172,32,62,0,1,2,21,61,82,390,24,10,17,111,13,3,37,7,64796,4139,510,400,2,6466,20,56,49,33,203,0,609,108,394,42,79,272,843,255,221,159,0,26,77,197,201,923,47,35,112,96,14,47,392,252,117,260,94,93,9,9,47,6,33,201,19,123,64,435,328,36,15,63,135,88,33,29,123,362,7218,355,143,2030,1709,2467,66,6159,22258,11309,11390,3811,3261,1581,197,456,400,423,489,191,929,392,414,4446,85,182,11,387,654,0,0,0,0,0,0,0,0,0,0,0,0,0,0,0,0,0,0,0,0,0,0,0,0
920,2924,684,561,1218,428,2126,0,490,6285,0,1812,15,184,86,146,0,18,9,33,145,217,855,21,20,60,33,15,2,8,11,228139,22122,1811,787,9,9845,52,62,55,85,878,8,3983,193,1053,172,287,1269,3130,1221,907,679,3,136,355,777,408,3577,175,205,143,135,29,105,1181,832,131,551,145,150,6,9,135,13,28,688,237,97,140,1224,367,69,48,265,581,361,121,119,508,1683,27382,2107,523,10783,6141,7164,6458,136,71,13,25,4,2,0,128,1526,849,866,952,0,2,1,2,2,258,812,5,330,1,0,0,0,0,0,0,0,0,0,0,0,0,0,0,0,0,0,0,0,0,0,0,0,0
921,13346,2283,1804,2178,1018,6096,7,1502,18607,3,6758,96,935,563,1204,7,27,12,139,982,1145,9078,293,158,323,290,207,49,116,106,668443,33015,6306,5115,16,37070,465,330,411,386,3117,17,9336,593,3822,586,954,3354,11238,4253,2113,1650,9,347,745,1592,1175,8921,746,552,1075,724,81,517,4465,2666,409,1658,144,437,65,61,417,20,99,1882,376,945,1115,9425,1289,179,131,629,1386,728,625,514,2224,4635,70901,4894,1770,23647,15272,42112,29506,84,822,10670,34558,14185,10269,922,376,3121,2272,3592,3262,984,5597,2404,2665,40909,591,2201,41,3761,728,0,0,0,0,0,0,0,0,0,0,0,0,0,0,0,0,0,0,0,0,0,0,0,0
922,3563,537,609,656,466,1701,1,532,6302,0,2329,25,358,279,642,4,10,4,47,284,570,2855,207,58,110,88,68,26,63,36,138630,8453,1720,2107,19,11345,196,134,106,201,1066,3,2369,87,896,116,210,838,2142,728,452,339,3,63,153,491,375,3242,287,248,381,356,36,324,2060,747,177,666,100,319,8,19,116,9,26,1061,145,869,428,5329,413,96,32,171,432,759,203,134,555,1148,19192,1129,423,6904,8373,7684,10852,26,11556,282,8850,4666,1373,538,90,1110,623,903,2030,254,1532,400,491,8029,626,518,66,2720,503,0,0,0,0,0,0,0,0,0,0,0,0,0,0,0,0,0,0,0,0,0,0,0,0
923,6325,1389,1296,1449,635,2727,2,808,8690,3,4009,40,671,350,711,2,18,20,73,483,765,3565,49,95,240,182,111,21,33,63,440435,19252,2942,2782,15,18658,304,165,236,174,1485,9,2682,509,2394,292,475,1910,5425,2471,1581,1122,7,328,639,1392,637,4147,394,373,537,517,86,206,1959,1549,216,289,10,47,2,12,71,8,18,220,273,380,587,4480,640,64,171,207,1184,423,256,323,1039,2941,43105,2276,1335,23619,7364,14810,13480,26,32253,13770,955,31868,36960,13045,201,2339,1431,1800,1795,4549,7059,5210,6313,44802,240,1613,18,1826,21,0,0,0,0,0,0,0,0,0,0,0,0,0,0,0,0,0,0,0,0,0,0,0,0
924,3498,412,326,302,117,597,0,201,1384,9,971,39,165,155,258,0,3,1,27,132,259,3303,27,25,66,40,41,10,8,28,47476,3668,552,698,8,4548,71,46,52,63,376,2,437,87,343,45,91,261,777,307,238,167,2,51,109,158,193,2723,93,93,140,109,8,31,252,419,31,66,4,12,0,3,10,0,3,36,28,1424,212,1328,249,111,12,228,166,94,118,76,201,415,7519,442,238,2772,2073,8805,3591,9,15168,5245,47579,465,9131,31268,47,334,193,350,1007,15041,15762,9348,14378,39429,94,232,16,2165,3,0,0,0,0,0,0,0,0,0,0,0,0,0,0,0,0,0,0,0,0,0,0,0,0
926,5280,87,80,84,47,249,0,51,370,0,327,1,128,25,157,0,1,1,6,134,59,2285,13,8,19,51,5,0,2,6,15328,2429,169,288,3,4479,77,21,12,9,115,3,136,10,79,14,21,68,173,84,141,38,0,6,16,19,28,277,48,17,40,22,1,15,44,98,12,14,2,4,1,0,2,0,0,13,12,336,94,1733,965,11,14,14,55,24,32,44,68,150,2758,120,54,768,920,2640,5208,0,10023,2532,65572,10662,111,10662,10,127,92,389,244,600,2622,553,814,3494,5,53,7,1309,1,0,0,0,0,0,0,0,0,0,0,0,0,0,0,0,0,0,0,0,0,0,0,0,0
927,1082,1055,28,21,34,81,0,20,112,0,370,4,3,2,4,0,0,0,0,1,1,13,0,0,2,0,0,0,1,2,12382,4399,37,21,0,9835,0,3,0,0,7,0,24,1,13,1,5,20,57,25,6,14,0,0,1,2,2,23,6,2,122,3,0,0,7,61,1,16,0,0,0,0,0,0,0,1,12,1024,2,18,1,1,0,0,7,5,4,7,15,431,3275,32,13,136,859,1020,3500,0,1095,1787,17397,14693,4471,20,4,124,45,26,504,5,12,3,3,1,1,42,0,6,1,0,0,0,0,0,0,0,0,0,0,0,0,0,0,0,0,0,0,0,0,0,0,0,0
928,717,257,701,589,111,158,1,39,1422,4,105,0,16,158,329,8,66,24,519,1147,1388,3508,54,35,61,102,164,22,31,56,301,159,106,483,17,139,237,767,447,485,3005,126,449,94,691,594,405,153,240,914,395,147,1,46,105,77,77,607,103,4,13,24,2,37,102,73,47,101,80,85,11,10,72,2,20,131,8,26,8,104,756,421,72,322,2674,1521,1870,3279,18037,76067,160,60,7,208,249,94,134,113,376,112,241,33,12,4,20,7365,3677,5450,4195,1,15,10,11,117,4,5004,12,675,6,0,0,0,0,0,0,0,0,0,0,0,0,0,0,0,0,0,0,0,0,0,0,0,0
929,7264,2698,2858,4962,965,1355,2,426,6945,9,1375,6,138,507,1271,18,210,118,349,4210,5203,18510,230,199,318,419,421,110,249,209,963,1118,1209,1779,68,800,833,2565,1919,1717,13567,330,2072,571,6322,1093,797,374,297,8030,2503,993,3,254,479,794,538,2765,441,83,161,138,26,128,960,647,385,873,172,382,28,65,478,26,129,619,56,70,66,1154,3800,2784,942,928,7065,7085,7769,6535,58790,80627,573,434,253,3150,2538,1145,517,1588,3024,1180,2512,414,99,30,5901,164,3795,12315,13173,34,114,97,107,957,72,29590,55,3591,57,0,0,0,0,0,0,0,0,0,0,0,0,0,0,0,0,0,0,0,0,0,0,0,0
930,4529,1518,2874,3467,588,658,2,219,5415,8,668,7,82,169,409,10,71,16,98,766,863,3022,57,63,110,232,125,27,33,88,950,754,833,530,18,625,264,570,414,644,3243,157,1407,284,3133,3167,2021,1109,905,4044,2232,407,3,122,267,381,339,1665,124,18,93,94,8,95,510,320,148,655,314,376,21,44,323,25,73,422,27,36,71,451,14319,1569,442,563,2060,1351,2362,2144,36469,52604,504,408,53,1489,1355,653,360,846,1792,544,1286,208,89,46,3565,3280,49,3181,6824,19,71,40,53,591,41,9932,34,1031,40,0,0,0,0,0,0,0,0,0,0,0,0,0,0,0,0,0,0,0,0,0,0,0,0
931,6962,2135,2929,3668,1191,1724,0,662,12763,14,1996,31,480,709,1580,23,180,58,227,3959,5177,18427,156,298,588,671,527,142,281,194,3582,1252,1763,1979,62,1621,1188,2039,1917,2178,9040,302,5202,455,15654,29637,10994,9433,7522,31980,5092,681,5,415,398,533,553,4346,319,91,260,331,45,305,1856,623,256,1445,453,538,90,50,411,38,95,1095,104,136,157,1460,8383,4198,666,1617,5789,3801,10089,7442,41230,102673,837,647,180,4485,2684,801,378,960,3086,1004,1882,346,383,25,3998,9282,4564,408,7280,96,129,140,41,899,42,25120,103,5378,112,0,0,0,0,0,0,0,0,0,0,0,0,0,0,0,0,0,0,0,0,0,0,0,0
932,11817,5318,4083,8847,2543,3183,2,1141,24090,3,5360,66,466,305,739,9,80,22,117,1752,2847,7771,122,154,198,298,206,42,126,98,6031,2681,2589,1908,48,4272,392,957,1040,1238,5379,113,7961,388,2722,54105,45909,17516,68161,4543,3522,731,4,230,217,452,1062,5077,316,67,409,721,57,696,3213,797,571,3381,1188,1153,161,177,690,56,135,2834,60,225,393,3562,4844,3308,1769,2490,3217,2106,2093,2457,21401,23831,3984,1251,343,5785,6358,2075,416,874,2817,3244,2177,441,767,22,3659,13992,7991,7139,1114,32,266,114,43,1163,112,8834,56,2692,77,0,0,0,0,0,0,0,0,0,0,0,0,0,0,0,0,0,0,0,0,0,0,0,0
933,99,32,31,34,12,78,0,27,101,0,71,3,14,12,9,0,0,0,0,7,14,164,4,2,12,4,2,1,1,5,4371,314,60,59,1,256,6,2,3,7,14,0,35,2,33,6,5,39,74,32,20,16,0,6,8,7,4,184,6,5,13,8,4,3,20,21,8,9,0,0,0,0,0,0,0,0,3,6,6,101,22,4,7,13,10,9,10,6,26,40,449,53,18,189,159,249,218,0,1061,442,5134,15750,786,1,7,17,15,90,27,37,14,17,18,12,4,33,3,100,1,0,0,0,0,0,0,0,0,0,0,0,0,0,0,0,0,0,0,0,0,0,0,8023,0
934,380,136,74,121,22,305,0,72,379,0,397,9,49,78,185,0,2,2,8,54,84,1777,10,16,26,13,15,1,1,5,18966,752,282,303,4,829,15,30,16,29,113,1,117,24,134,9,35,81,204,118,57,44,0,14,19,48,95,1562,26,11,28,96,0,46,52,127,10,28,3,2,0,6,4,0,7,5,9,72,120,193,39,11,11,62,63,49,13,20,89,277,2449,154,51,1985,275,925,952,0,4281,2206,5498,11805,3729,22,11,102,61,131,228,9,152,10,6,11,7,142,2,567,1,0,0,0,0,0,0,0,0,0,0,0,0,0,0,0,0,0,0,0,0,0,0,0,0
936,1669,120,247,83,40,233,0,67,403,0,582,6,132,92,133,2,5,3,11,135,187,1911,74,25,37,40,29,10,21,29,14256,1252,209,678,4,1067,45,64,20,27,259,0,197,16,114,11,28,75,192,82,48,33,3,9,16,27,24,360,89,26,155,86,4,13,51,167,14,35,1,4,0,1,0,0,3,13,11,1256,832,1298,85,3,4,18,56,30,28,36,81,143,1532,392,747,720,889,1038,735,0,4578,1321,11378,14084,1959,1,11,99,54,186,117,26,11,2898,55078,105373,97,105,21,2245,0,0,0,0,0,0,0,0,0,0,0,0,0,0,0,0,0,0,0,0,0,0,0,11150,0
937,182,91,98,84,28,247,1,65,348,0,276,18,21,15,55,0,1,0,3,16,22,289,17,15,28,14,3,2,9,3,10646,731,238,213,0,726,18,12,5,7,78,0,108,31,127,11,33,99,241,104,61,26,0,8,16,19,10,207,17,25,24,32,2,16,30,124,25,40,2,2,0,0,0,0,0,14,14,13,28,417,21,7,3,20,29,14,19,10,65,152,1595,144,167,844,425,438,790,0,2477,956,6514,16164,1116,1,7,70,66,68,41,20,1,38458,1493,31322,9,49,2,242,1,0,0,0,0,0,0,0,0,0,0,0,0,0,0,0,0,0,0,0,0,0,0,3520,0
938,3591,2787,1692,2061,767,4648,5,1089,6543,5,5609,56,724,1118,1386,6,17,26,193,697,913,35320,2439,369,1022,316,275,69,223,295,223637,9089,4500,10126,90,10578,476,395,329,516,1654,16,1698,447,1983,267,483,958,2238,2055,994,612,26,221,324,538,302,14737,522,367,1173,868,55,283,836,1742,260,937,27,83,0,29,64,3,14,130,242,614,2751,14894,491,143,40,516,1065,500,466,187,1037,1946,20835,1454,1268,22447,4905,5872,6608,1,37108,11325,45532,42415,6104,0,106,1002,743,1073,1107,6,5,101586,15226,83,157,912,166,26261,4,0,0,0,0,0,0,0,0,0,0,0,0,0,0,0,0,0,0,0,0,0,0,25971,0
939,457,96,62,35,29,108,0,73,617,0,133,3,7,5,6,0,0,0,3,24,56,73,2,1,1,2,0,0,0,4,78977,5319,243,79,0,16566,6,5,6,6,20,0,111,63,346,8,7,15,86,559,248,87,0,20,41,60,18,225,4,9,5,12,1,18,53,51,14,62,12,24,2,3,12,1,5,29,8,13,4,69,43,13,2,4,10,60,30,8,39,87,3228,156,116,2183,879,207,111,402,952,833,736,105,31,7,2,140,64,91,198,6,26,35,22,400,3938,42,0,22,20,0,0,0,0,0,0,0,0,0,0,0,0,0,0,0,0,0,0,0,0,0,0,0,0
940,4032,1428,1486,2338,375,612,13,170,5552,115,350,4,91,470,668,7,82,43,275,2108,2968,6970,207,151,241,199,185,55,74,112,312,413,380,1414,47,231,612,1870,984,998,7970,346,1663,744,2522,648,550,411,708,3349,1339,1018,7,233,653,751,860,6096,203,7,39,132,3,102,789,152,185,424,368,291,123,66,327,97,94,669,37,116,101,472,2407,1505,518,1005,5895,4012,6029,7175,53935,99574,564,218,92,621,1394,428,140,756,1802,559,1522,217,59,42,13125,37036,9035,26490,11400,18,172,250,65,831,157,82,54,1818,40,3,0,0,0,0,0,0,0,0,0,0,0,0,0,0,0,0,0,0,0,0,0,0,0
941,50,26,194,354,194,0,145,57,57,341,591,28,271,589,2091,27,73,36,258,122,122,100,40131,8638,21536,0,0,1,0,3,3,5,1077,879,14222,1,3159,763,485,843,310,101,11,10,21,1,0,6,9,23,5,11,0,2,4,14,25,250,655,24,108,125,9,127,896,231,115,66,18,50,2,21,67,4,19,22,179,106,53,205,18,16,6,22,127,70,36,26,75,140,8,0,1,0,8,4,5,4,45,15,27,9,0,0,24,87,13,124,34,5,2,10,2,88,0,35,3,105934,0,0,0,0,0,0,4388,6466,0,0,0,0,0,0,0,0,0,0,0,0,0,0,0,0,0
942,4850,2698,25039,23510,15829,10,12728,6280,4105,15020,35668,287,14818,28980,114206,1104,4305,2164,12117,6033,2905,406,1434704,195110,135977,7,2,2,3,7,102,357,62088,37981,617962,376,39037,35487,19617,47822,21769,3143,405,305,888,16,40,172,329,978,595,616,17,130,183,821,1245,43100,36953,1870,12489,10214,792,5613,206582,15962,3367,5112,1102,5174,182,840,4217,349,1164,1952,10749,4062,1838,2079,2384,1690,458,4643,3407,3168,1354,1590,5210,7042,685,26,5,44,1096,802,326,565,4193,2396,3041,2656,2133,55,1201,5870,1287,10083,3747,144,1452,498,129,30297,30,2360,162286,34,102,0,0,0,0,0,103610,191191,0,0,0,0,0,0,0,0,0,0,0,0,0,0,0,0,0
946,232,25,32,26,13,97,0,36,593,0,145,1,112,17,12,0,0,0,1,14,9,48,0,1,8,10,6,1,0,3,10068,507,42,82,0,645,7,5,3,9,44,0,250,14,66,11,7,44,149,96,22,21,0,2,10,32,17,64,11,3,23,17,1,3,28,37,7,16,1,12,1,0,1,0,3,8,4,65,51,131,40,0,1,1,45,18,5,6,25,63,823,67,57,467,214,416,463,0,1127,1041,23,2,0,0,0,62,41,87,70,0,0,0,0,15,14,29,0,85,22,0,0,0,0,0,0,0,0,0,0,0,0,0,0,0,0,0,0,0,0,0,0,0,0
880,0,0,2,1,1,3,0,0,0,0,2,0,0,0,0,0,0,0,0,0,0,0,0,0,0,0,0,0,0,2,0,0,2,2,0,0,3,0,0,0,0,0,0,0,0,0,0,0,0,1,0,1,0,0,0,0,0,0,0,2,0,1,0,0,0,34,0,34572,9646,13212,1076,3006,20621,1451,5294,17309,1,0,0,0,1,0,0,0,0,0,0,0,0,0,0,0,0,0,0,0,0,0,0,0,0,0,0,0,0,0,1,0,0,0,0,0,0,0,0,3,0,0,0,47,0,0,0,0,0,0,0,0,0,0,0,0,0,0,0,0,0,0,0,0,0,0,0
47,1,0,0,0,0,1,0,0,0,0,0,0,0,0,0,0,0,0,0,0,0,0,0,0,0,0,0,0,0,3,0,1,0,0,0,0,0,0,0,0,1,0,0,0,0,0,0,0,0,0,0,0,0,0,0,0,0,0,0,0,0,0,0,0,0,0,0,0,0,0,0,0,0,0,0,0,0,0,0,0,0,0,0,0,0,0,0,0,0,0,0,0,0,0,0,0,0,0,0,0,0,0,0,0,0,0,0,0,1,0,0,0,0,0,0,0,0,0,0,0,0,0,0,0,0,0,0,0,0,0,0,0,0,0,0,0,0,0,0,0,0,0,0
48,17,7,19,14,10,2,12,7,9,13,54,0,21,76,205,29824,37303,53390,322988,195245,23990,85646,13,19,36,43,23,4,10,45,0,1,47,310,24,1,53,285,725,154,870,336365,3,3,4,1,1,0,2,5,2,6,0,2,2,1,2,68,111,9,11,20,1,8,134,2,3,2,0,9,0,0,1,0,5,2,20,16,1,104,12,7,1,12,102,67,18,9,38,34,0,2,0,0,1,3,0,0,6,2,7,4,0,0,9,25,12,19,12,0,0,0,0,5,0,12,11,466,0,0,0,0,0,0,0,0,0,0,0,0,0,0,0,0,0,0,0,0,0,0,0,0,0
57,0,0,0,0,0,0,0,0,0,0,0,0,0,0,0,0,0,0,0,0,0,0,741457,0,0,0,0,0,0,0,0,0,0,0,207459,0,0,0,0,0,0,0,0,0,0,0,0,0,0,0,0,0,0,0,0,0,0,0,0,0,0,0,0,0,0,0,0,0,0,0,0,0,0,0,0,0,0,0,0,0,0,0,0,0,0,0,0,0,0,0,0,0,0,0,0,0,0,0,0,0,0,0,0,0,0,0,0,0,0,0,0,0,0,0,0,0,0,0,0,0,0,0,0,0,0,0,0,0,0,0,0,0,0,0,0,0,0,0,0,0,0,0,0
59,0,0,0,0,0,0,0,0,0,0,0,0,0,0,0,0,0,0,0,0,0,0,1300654,10558,0,0,0,0,0,0,0,0,0,0,343244,0,0,0,0,0,0,0,0,0,0,0,0,0,0,0,0,0,0,0,0,0,0,0,0,0,0,0,0,0,0,0,0,0,0,0,0,0,0,0,0,0,0,0,0,0,0,0,0,0,0,0,0,0,0,0,0,0,0,0,0,0,0,0,0,0,0,0,0,0,0,0,0,0,0,0,0,0,0,0,0,0,0,0,0,0,0,0,0,0,0,0,0,0,0,0,0,0,0,0,0,0,0,0,0,0,0,0,0
62,0,0,0,0,0,0,0,0,0,0,0,0,0,0,0,0,0,0,0,0,0,0,0,0,0,0,4230,5888,21188,18405,0,0,0,0,0,0,0,0,0,0,0,0,0,0,0,0,0,0,0,0,0,0,0,0,0,0,0,0,0,0,0,0,0,0,0,0,0,0,0,0,0,0,0,0,0,0,0,0,0,0,0,0,0,0,0,0,0,0,0,0,0,0,0,0,0,0,0,0,0,0,0,0,0,0,0,0,0,0,0,0,0,0,0,0,0,0,5181,113913,0,0,0,0,0,0,0,0,0,0,0,0,0,0,0,0,0,0,0,0,0,0,0,0,0
64,0,0,0,0,0,0,0,0,0,0,0,0,0,0,0,0,0,0,0,0,0,0,0,0,0,0,0,1268,3193,11787,0,0,0,0,0,0,0,0,0,0,0,0,0,0,0,0,0,0,0,0,0,0,0,0,0,0,0,0,0,0,0,0,0,0,0,0,0,0,0,0,0,0,0,0,0,0,0,0,0,0,0,0,0,0,0,0,0,0,0,0,0,0,0,0,0,0,0,0,0,0,0,0,0,0,0,0,0,0,0,0,0,0,0,0,0,0,5707,177389,0,0,0,0,0,0,0,0,0,0,0,0,0,0,0,0,0,0,0,0,0,0,0,0,0
126,0,0,0,0,0,0,0,0,0,0,0,0,0,0,0,0,0,0,0,0,0,0,0,0,0,0,0,0,0,1,0,0,0,0,0,0,1,0,0,0,0,0,0,0,0,0,0,0,0,0,0,0,0,0,0,0,0,0,0,0,0,0,0,0,1,0,0,0,0,0,0,0,0,0,0,0,0,0,0,0,0,0,0,0,0,0,0,0,0,0,0,0,0,0,0,0,0,0,0,0,0,0,0,0,0,0,0,0,0,0,0,0,0,0,0,0,0,0,0,0,0,0,0,0,0,0,0,0,0,0,0,0,0,0,0,0,0,0,0,0,0,0,0
482,5004,4894,4922,7875,1118,3328,0,687,12802,7,3313,25,317,642,251,7,37,21,79,651,1254,8792,2822,272,133,130,155,47,83,229,3030,1772,3081,2908,21,3343,184,510,271,464,2161,37,30043,112,557,225617,172614,39194,60653,262,101397,79,129744,41,55,178,19,72,140,127,217,635,26,517,5338,863,326,2075,280,1009,45,139,709,93,338,3272,77,179,776,10443,4894,355,23,53,1916,1134,551,803,11152,10876,801,779,168,3411,1860,691,210,782,2335,921,1755,226,40,7,161,1572,1245,1818,1698,15,130,34,28,1291,176,2431,27,5627,35,0,0,0,0,0,0,0,0,0,0,0,0,0,0,0,0,0,0,0,0,0,0,0,0
513,0,0,0,0,0,0,0,0,0,0,0,0,0,0,0,0,0,0,0,0,0,0,0,0,0,0,0,0,0,0,0,0,0,0,0,0,0,0,0,0,0,0,0,0,0,397417,310879,0,0,0,0,0,0,0,0,0,0,0,0,0,0,0,0,0,0,0,0,0,0,0,0,0,0,0,0,0,0,0,0,0,0,0,0,0,0,0,0,0,0,0,0,0,0,0,0,0,0,0,0,0,0,0,0,0,0,0,0,0,0,0,0,0,0,0,0,0,0,0,0,0,0,0,0,0,0,0,0,0,0,0,0,0,0,0,0,0,0,0,0,0,0,0,0
515,0,0,0,0,0,0,0,0,0,0,0,0,0,0,0,0,0,0,0,0,0,0,0,0,0,0,0,0,0,0,0,0,0,0,0,0,0,0,0,0,0,0,1,0,0,1524477,805424,23599,0,0,0,0,0,0,0,0,0,0,0,0,0,0,0,0,0,0,0,0,0,0,0,0,0,0,0,0,0,0,0,0,0,0,0,0,0,0,0,0,0,0,0,0,0,0,0,0,0,0,0,0,0,0,0,0,0,0,0,0,0,0,0,0,0,0,0,0,0,0,0,0,0,0,0,0,0,0,0,0,0,0,0,0,0,0,0,0,0,0,0,0,0,0,0
517,0,0,0,0,0,0,0,0,0,0,0,0,0,0,0,0,0,0,0,0,0,0,0,0,0,0,0,0,0,0,0,0,0,0,0,0,0,0,0,0,0,0,1,0,0,328020,334040,122019,12095,0,0,1,0,0,0,0,0,0,0,0,0,0,0,0,0,0,0,0,0,0,0,0,0,0,0,0,0,0,0,0,0,0,0,0,0,0,0,0,0,0,0,0,0,0,0,0,0,0,0,0,0,0,0,0,0,0,0,0,0,0,0,0,0,0,0,0,0,0,0,0,0,0,0,0,0,0,0,0,0,0,0,0,0,0,0,0,0,0,0,0,0,0,0
523,833,466,488,668,155,372,0,111,3289,0,328,1,33,32,13,0,3,4,9,101,117,590,3,2,15,5,6,0,4,4,567,352,435,126,1,358,21,27,56,14,473,5,7394,13,144,51890,29198,7661,11110,124,42569,88,26462,73,29,7,5,26,14,11,18,28,1,30,254,154,24,411,51,89,0,12,104,5,22,99,6,6,17,216,1295,77,7,23,239,164,145,124,1020,1692,150,141,27,963,251,102,29,109,251,85,352,29,22,1,89,330,263,395,314,4,15,9,9,163,10,283,1,160,5,0,0,0,0,0,0,0,0,0,0,0,0,0,0,0,0,0,0,0,0,0,0,0,0
529,0,0,0,0,0,0,0,0,3,0,0,0,0,0,0,0,0,0,0,0,0,6,0,0,0,0,0,0,0,2,0,0,0,1,0,0,0,0,0,0,0,0,4,1,0,13,24,2,7,0,24,0,23,0,0,0,0,1,0,0,0,0,0,0,8,0,0,0,0,0,0,0,0,0,0,0,0,0,0,0,1,0,0,0,0,0,0,0,36,13,0,0,0,0,0,0,0,0,0,0,0,0,0,0,0,8,0,1,1,0,0,0,0,0,0,0,0,0,0,0,0,0,0,0,0,0,0,0,0,0,0,0,0,0,0,0,0,0,0,0,0,0,0
592,0,0,0,0,0,0,0,0,0,0,0,0,0,0,0,0,0,0,0,0,0,0,0,0,0,0,0,0,0,0,0,0,0,0,0,0,0,0,0,0,0,0,0,0,0,0,0,0,0,0,0,0,0,0,0,0,0,0,0,0,0,0,0,0,0,0,0,0,0,0,0,0,0,0,0,0,0,0,0,0,0,0,0,0,0,0,0,0,0,0,0,0,0,0,0,0,0,0,0,0,0,0,0,0,0,0,0,0,0,0,0,0,0,0,0,0,0,0,0,0,0,0,0,0,0,0,0,0,0,0,0,0,0,0,809175,897977,8659720,0,0,0,0,0,0
593,0,0,0,0,0,0,0,0,0,0,0,0,0,0,0,0,0,0,0,0,0,0,0,0,0,0,0,0,0,0,0,0,0,0,0,0,0,0,0,0,0,0,0,0,0,0,0,0,0,0,0,0,0,0,0,0,0,0,0,0,0,0,0,0,0,0,0,0,0,0,0,0,0,0,0,0,0,0,0,0,0,0,0,0,0,0,0,0,0,0,0,0,0,0,0,0,0,0,0,0,0,0,0,0,0,0,0,0,0,0,0,0,0,0,0,0,0,0,0,0,0,0,0,0,0,0,0,0,0,0,0,0,0,0,0,0,0,0,0,0,0,0,0
594,0,0,0,0,0,0,0,0,0,0,0,0,0,0,0,0,0,0,0,0,0,0,0,0,0,0,0,0,0,0,0,0,0,0,0,0,0,0,0,0,0,0,0,0,0,0,0,0,0,0,0,0,0,0,0,0,0,0,0,0,0,0,0,0,0,0,0,0,0,0,0,0,0,0,0,0,0,0,0,0,0,0,0,0,0,0,0,0,0,0,0,0,0,0,0,0,0,0,0,0,0,0,0,0,0,0,0,0,0,0,0,0,0,0,0,0,0,0,0,0,0,0,0,0,0,0,0,0,0,0,0,0,0,0,0,0,0,0,0,0,0,0,0
595,0,0,0,0,0,0,0,0,0,0,0,0,0,0,0,0,0,0,0,0,0,0,0,0,0,0,0,0,0,0,0,0,0,0,0,0,0,0,0,0,0,0,0,0,0,0,0,0,0,0,0,0,0,0,0,0,0,0,0,0,0,0,0,0,0,0,0,0,0,0,0,0,0,0,0,0,0,0,0,0,0,0,0,0,0,0,0,0,0,0,0,0,0,0,0,0,0,0,0,0,0,0,0,0,0,0,0,0,0,0,0,0,0,0,0,0,0,0,0,0,0,0,0,0,0,0,0,0,0,0,0,0,0,0,0,0,0,0,0,0,0,0,0
881,0,0,0,0,0,0,0,0,0,0,0,0,0,0,0,0,0,0,0,0,0,0,0,0,0,0,0,0,0,6,0,1,0,0,0,0,0,0,0,0,0,0,0,0,0,0,0,0,0,0,0,0,0,0,0,0,0,1,0,0,0,0,0,0,1,0,0,0,0,0,0,0,0,0,0,0,0,0,0,0,0,0,0,0,0,0,0,0,0,0,0,0,0,0,0,0,0,0,0,0,0,0,0,0,0,0,0,0,0,0,0,0,0,0,0,0,0,0,0,0,0,0,0,0,0,0,0,0,0,0,0,0,0,0,0,0,0,0,0,0,0,0,0
893,0,0,1,0,1,0,0,0,0,0,1,0,1,0,0,0,0,0,0,0,0,0,0,0,0,0,0,0,0,1,0,0,0,0,0,1,0,0,0,0,0,0,0,0,0,0,0,0,0,1,0,0,0,0,0,0,0,0,0,0,0,0,0,0,1,0,1,0,1,0,0,0,1,0,0,0,1,2,0,0,0,0,0,0,0,0,0,0,0,0,0,0,0,0,0,0,0,0,0,0,0,0,0,0,0,0,1,0,0,0,0,0,0,0,0,0,0,0,0,0,0,0,0,0,0,0,0,0,0,0,0,0,0,0,0,0,0,0,0,0,0,0,0
897,0,0,0,0,0,0,0,0,0,0,0,0,0,0,0,0,0,0,0,0,0,0,0,0,0,0,0,0,0,0,0,0,0,0,0,0,0,0,0,0,0,0,0,0,0,0,0,0,0,0,0,0,0,0,0,0,0,0,0,0,0,0,0,0,0,0,0,0,0,0,0,0,0,0,0,0,0,0,0,0,0,0,0,0,0,0,0,0,0,0,0,0,0,0,0,0,0,0,0,0,0,0,0,0,0,0,0,0,0,0,0,0,0,0,0,0,0,0,0,0,0,0,0,0,0,0,0,0,0,0,0,0,0,0,0,0,0,0,0,14591357,0,0,0
925,0,0,0,0,0,0,0,0,0,0,0,0,0,0,0,0,0,0,0,0,0,0,0,0,0,0,0,0,0,1,0,0,0,0,0,0,1,0,0,0,0,0,0,0,0,0,0,0,0,0,0,0,0,0,0,0,0,0,0,0,0,0,0,0,0,0,0,0,0,0,0,0,0,0,0,0,0,1,0,0,0,0,0,0,0,0,0,0,0,0,0,0,0,0,0,0,0,0,0,0,0,0,0,0,0,0,0,1,0,0,0,0,0,0,0,0,0,0,0,0,0,0,0,0,0,0,0,0,0,0,0,0,0,0,0,0,0,0,0,0,0,0,0
935,0,0,0,0,0,0,0,0,0,0,0,0,0,0,0,0,0,0,0,0,0,0,0,0,0,0,0,0,0,0,0,0,0,0,0,0,0,0,0,0,0,0,0,0,0,0,0,0,0,0,0,0,0,0,0,0,0,0,0,0,0,0,0,0,0,0,0,0,0,0,0,0,0,0,0,0,0,0,0,0,0,0,0,0,0,0,0,0,0,0,0,0,0,0,0,0,0,0,0,0,0,0,0,0,0,0,0,0,0,7766,0,7444,3106,24939,0,0,0,0,0,0,0,0,0,0,0,0,0,0,0,0,0,0,0,0,0,0,0,0,0,0,0,0,0
943,0,0,0,0,0,0,0,0,0,0,0,0,0,0,0,0,0,0,0,0,0,0,0,0,0,0,0,0,0,1,0,0,0,0,0,0,0,0,0,0,0,0,0,0,0,0,0,0,0,0,0,0,0,0,0,1,0,0,0,0,0,0,0,0,0,0,0,0,0,0,0,0,0,0,0,0,0,0,0,0,0,1,0,0,0,0,0,0,0,0,0,0,0,0,0,0,0,0,0,0,0,0,0,0,0,0,0,0,0,0,0,0,0,0,0,0,0,0,0,0,0,0,0,0,0,0,0,0,0,0,0,0,0,0,0,0,0,0,0,0,0,0,0
